1	1510594137160	-1.808	-6.941	6.17	run40hz
2	1510594137161	-1.808	-6.941	6.17	run40hz
3	1510594137162	-1.808	-6.941	6.17	run40hz
4	1510594137163	-1.808	-6.941	6.17	run40hz
5	1510594137164	-1.808	-6.941	6.17	run40hz
6	1510594137165	-1.808	-6.941	6.17	run40hz
7	1510594137166	-1.808	-6.941	6.17	run40hz
8	1510594137167	-1.808	-6.941	6.17	run40hz
9	1510594137168	-1.808	-6.941	6.17	run40hz
10	1510594137169	-1.869	-6.964	6.287	run40hz
11	1510594137170	-1.885	-6.998	6.335	run40hz
12	1510594137171	-1.913	-6.997	6.326	run40hz
13	1510594137172	-1.946	-6.975	6.315	run40hz
14	1510594137173	-1.933	-7.006	6.348	run40hz
15	1510594137174	-1.927	-7.014	6.337	run40hz
16	1510594137176	-1.914	-7.014	6.335	run40hz
17	1510594137177	-1.969	-7.002	6.44	run40hz
18	1510594137178	-2.113	-7.034	6.571	run40hz
19	1510594137179	-2.085	-7.03	6.544	run40hz
20	1510594137182	-2	-7.148	6.381	run40hz
21	1510594137187	-1.821	-7.148	6.205	run40hz
22	1510594137192	-1.874	-7.185	6.169	run40hz
23	1510594137197	-1.926	-7.054	6.137	run40hz
24	1510594137202	-1.842	-7.042	6.212	run40hz
25	1510594137207	-1.851	-6.956	6.269	run40hz
26	1510594137212	-1.946	-6.947	6.313	run40hz
27	1510594137217	-2.024	-7.026	6.298	run40hz
28	1510594137222	-2.032	-7.068	6.289	run40hz
29	1510594137227	-1.987	-7.098	6.236	run40hz
30	1510594137233	-1.925	-7.139	6.268	run40hz
31	1510594137238	-1.89	-7.118	6.267	run40hz
32	1510594137243	-1.876	-7.065	6.245	run40hz
33	1510594137248	-1.917	-7.038	6.239	run40hz
34	1510594137253	-1.9	-6.978	6.262	run40hz
35	1510594137258	-1.895	-6.986	6.273	run40hz
36	1510594137263	-1.928	-6.952	6.314	run40hz
37	1510594137268	-1.946	-6.884	6.317	run40hz
38	1510594137273	-1.942	-6.832	6.332	run40hz
39	1510594137278	-1.999	-6.911	6.311	run40hz
40	1510594137283	-1.981	-6.998	6.349	run40hz
41	1510594137288	-1.932	-7.111	6.346	run40hz
42	1510594137293	-1.909	-7.162	6.25	run40hz
43	1510594137299	-1.896	-7.191	6.275	run40hz
44	1510594137303	-1.868	-7.221	6.287	run40hz
45	1510594137308	-1.784	-7.296	6.301	run40hz
46	1510594137314	-1.951	-7.482	6.389	run40hz
47	1510594137319	-1.907	-7.166	6.173	run40hz
48	1510594137324	-1.892	-7.238	6.272	run40hz
49	1510594137329	-1.883	-7.123	6.281	run40hz
50	1510594137334	-1.997	-7.09	6.311	run40hz
51	1510594137339	-1.983	-7.036	6.309	run40hz
52	1510594137344	-1.901	-7.01	6.27	run40hz
53	1510594137349	-1.877	-7.07	6.273	run40hz
54	1510594137354	-1.87	-7.044	6.287	run40hz
55	1510594137359	-1.883	-7.075	6.346	run40hz
56	1510594137364	-1.933	-7.163	6.33	run40hz
57	1510594137369	-2.036	-7.342	6.331	run40hz
58	1510594137374	-2.1	-7.336	6.253	run40hz
59	1510594137379	-2.084	-7.242	6.255	run40hz
60	1510594137384	-1.897	-7.258	6.28	run40hz
61	1510594137389	-1.878	-7.057	6.237	run40hz
62	1510594137394	-1.895	-6.935	6.334	run40hz
63	1510594137399	-1.9	-6.898	6.378	run40hz
64	1510594137404	-1.917	-6.877	6.398	run40hz
65	1510594137409	-1.956	-6.82	6.32	run40hz
66	1510594137415	-1.897	-6.814	6.337	run40hz
67	1510594137420	-1.924	-6.845	6.389	run40hz
68	1510594137425	-1.993	-6.937	6.343	run40hz
69	1510594137430	-2.018	-6.971	6.314	run40hz
70	1510594137435	-1.941	-7.021	6.358	run40hz
71	1510594137440	-1.899	-6.805	6.352	run40hz
72	1510594137445	-1.759	-6.768	6.37	run40hz
73	1510594137450	-1.593	-6.568	6.359	run40hz
74	1510594137455	-1.443	-6.382	6.44	run40hz
75	1510594137460	-1.401	-6.336	6.441	run40hz
76	1510594137465	-1.444	-6.142	6.379	run40hz
77	1510594137470	-1.495	-5.872	6.314	run40hz
78	1510594137475	-1.581	-5.903	6.392	run40hz
79	1510594137480	-1.745	-6.194	6.307	run40hz
80	1510594137485	-1.881	-6.671	6.271	run40hz
81	1510594137490	-1.861	-6.852	6.298	run40hz
82	1510594137495	-1.83	-6.999	6.355	run40hz
83	1510594137500	-1.793	-7.223	6.442	run40hz
84	1510594137505	-1.776	-7.266	6.413	run40hz
85	1510594137510	-1.899	-7.298	6.372	run40hz
86	1510594137516	-2.007	-7.388	6.392	run40hz
87	1510594137521	-1.94	-7.297	6.252	run40hz
88	1510594137526	-1.857	-7.16	6.285	run40hz
89	1510594137531	-1.919	-7.099	6.313	run40hz
90	1510594137536	-2.024	-7.123	6.308	run40hz
91	1510594137541	-2.087	-7.112	6.179	run40hz
92	1510594137546	-2.1	-7.023	6.191	run40hz
93	1510594137551	-1.96	-6.892	6.194	run40hz
94	1510594137556	-1.873	-6.641	6.28	run40hz
95	1510594137561	-1.994	-6.459	6.412	run40hz
96	1510594137566	-2.21	-6.508	6.403	run40hz
97	1510594137571	-2.236	-6.863	6.307	run40hz
98	1510594137576	-2.06	-7.072	6.24	run40hz
99	1510594137581	-1.914	-7.284	6.213	run40hz
100	1510594137586	-1.943	-7.329	6.168	run40hz
101	1510594137591	-2.115	-7.58	6.216	run40hz
102	1510594137596	-2.137	-7.692	6.077	run40hz
103	1510594137601	-1.943	-7.648	6.017	run40hz
104	1510594137606	-1.834	-7.493	6.052	run40hz
105	1510594137612	-1.925	-7.336	6.111	run40hz
106	1510594137617	-2.069	-7.271	6.174	run40hz
107	1510594137622	-2.159	-7.216	6.152	run40hz
108	1510594137627	-2.21	-7.134	6.122	run40hz
109	1510594137632	-2.119	-7.203	6.152	run40hz
110	1510594137637	-2.105	-7.19	6.068	run40hz
111	1510594137642	-2.192	-7.229	5.997	run40hz
112	1510594137647	-2.094	-7.4	6.068	run40hz
113	1510594137652	-1.889	-7.47	6.069	run40hz
114	1510594137657	-1.686	-7.38	6.071	run40hz
115	1510594137662	-1.692	-7.314	6.14	run40hz
116	1510594137667	-1.668	-7.264	6.164	run40hz
117	1510594137672	-1.638	-7.271	6.177	run40hz
118	1510594137677	-1.683	-7.235	6.183	run40hz
119	1510594137682	-1.728	-7.198	6.229	run40hz
120	1510594137687	-1.819	-7.123	6.247	run40hz
121	1510594137692	-1.898	-7.09	6.217	run40hz
122	1510594137698	-1.805	-7.156	6.214	run40hz
123	1510594137703	-1.666	-7.235	6.174	run40hz
124	1510594137708	-1.623	-7.239	6.174	run40hz
125	1510594137713	-1.666	-7.208	6.164	run40hz
126	1510594137718	-1.82	-7.181	6.15	run40hz
127	1510594137723	-1.929	-7.25	6.137	run40hz
128	1510594137728	-1.934	-7.327	6.073	run40hz
129	1510594137733	-1.877	-7.338	6.051	run40hz
130	1510594137738	-1.812	-7.352	6.104	run40hz
131	1510594137743	-1.871	-7.353	6.14	run40hz
132	1510594137748	-1.951	-7.261	6.118	run40hz
133	1510594137753	-1.991	-7.127	6.122	run40hz
134	1510594137758	-2.042	-7.311	6.16	run40hz
135	1510594137763	-2.061	-7.211	6.123	run40hz
136	1510594137768	-2.002	-7.251	6.143	run40hz
137	1510594137773	-1.917	-7.22	6.158	run40hz
138	1510594137778	-1.87	-7.185	6.192	run40hz
139	1510594137783	-1.848	-7.159	6.2	run40hz
140	1510594137788	-1.908	-7.142	6.213	run40hz
141	1510594137793	-1.988	-7.081	6.18	run40hz
142	1510594137798	-2.036	-7.084	6.147	run40hz
143	1510594137803	-2.107	-7.047	6.114	run40hz
144	1510594137808	-1.996	-7.08	6.145	run40hz
145	1510594137814	-1.958	-7.033	6.176	run40hz
146	1510594137819	-2.024	-7.001	6.17	run40hz
147	1510594137824	-2	-6.941	6.194	run40hz
148	1510594137829	-2.027	-6.893	6.219	run40hz
149	1510594137834	-2.036	-6.759	6.183	run40hz
150	1510594137839	-2.098	-6.897	6.159	run40hz
151	1510594137844	-2.188	-7.002	6.201	run40hz
152	1510594137849	-2.142	-7.083	6.184	run40hz
153	1510594137854	-2.079	-7.114	6.205	run40hz
154	1510594137859	-2.106	-7.073	6.198	run40hz
155	1510594137864	-2.051	-7.047	6.25	run40hz
156	1510594137869	-2.043	-7.095	6.278	run40hz
157	1510594137874	-2.096	-7.104	6.327	run40hz
158	1510594137879	-2.085	-7.054	6.212	run40hz
159	1510594137884	-2.063	-7.058	6.226	run40hz
160	1510594137889	-1.89	-6.951	6.104	run40hz
161	1510594137894	-1.863	-6.725	6.283	run40hz
162	1510594137899	-2.05	-6.698	6.301	run40hz
163	1510594137904	-2.336	-6.685	6.298	run40hz
164	1510594137909	-2.365	-6.939	6.225	run40hz
165	1510594137915	-2.081	-7.012	6.214	run40hz
166	1510594137920	-1.846	-7.148	6.206	run40hz
167	1510594137925	-1.848	-7.099	6.225	run40hz
168	1510594137930	-1.977	-7.082	6.214	run40hz
169	1510594137935	-2.129	-7.017	6.185	run40hz
170	1510594137940	-2.165	-6.923	6.149	run40hz
171	1510594137945	-2.154	-7.105	6.129	run40hz
172	1510594137950	-2.111	-6.954	6.107	run40hz
173	1510594137955	-2.291	-6.985	6.135	run40hz
174	1510594137960	-2.336	-6.844	6.104	run40hz
175	1510594137965	-2.117	-6.903	6.256	run40hz
176	1510594137970	-2.076	-7.136	6.347	run40hz
177	1510594137975	-2.099	-7.114	6.089	run40hz
178	1510594137980	-2.145	-7.038	6.041	run40hz
179	1510594137985	-2.126	-7.232	6.001	run40hz
180	1510594137990	-1.963	-7.272	6.16	run40hz
181	1510594137995	-1.764	-7.169	6.173	run40hz
182	1510594138000	-1.873	-7.217	6.086	run40hz
183	1510594138005	-1.802	-6.952	6.007	run40hz
184	1510594138011	-1.473	-6.695	6.407	run40hz
185	1510594138016	-1.61	-7.066	6.51	run40hz
186	1510594138021	-1.628	-6.879	6.307	run40hz
187	1510594138026	-1.307	-6.735	6.304	run40hz
188	1510594138031	-1.681	-7.115	6.099	run40hz
189	1510594138036	-1.867	-6.837	6.51	run40hz
190	1510594138041	-1.866	-6.874	6.322	run40hz
191	1510594138046	-2.082	-6.768	6.223	run40hz
192	1510594138051	-2.295	-6.836	5.994	run40hz
193	1510594138056	-2.075	-6.904	5.881	run40hz
194	1510594138061	-1.891	-7.009	5.828	run40hz
195	1510594138066	-2.844	-7.257	5.888	run40hz
196	1510594138071	-2.341	-6.961	6.055	run40hz
197	1510594138076	-2.179	-7.291	6.095	run40hz
198	1510594138081	-2.406	-7.271	5.873	run40hz
199	1510594138086	-2.291	-7.525	5.849	run40hz
200	1510594138091	-2.309	-7.366	5.785	run40hz
201	1510594138096	-2.41	-7.31	5.896	run40hz
202	1510594138101	-2.538	-7.298	5.846	run40hz
203	1510594138106	-2.566	-7.281	5.916	run40hz
204	1510594138112	-2.8	-6.898	6.049	run40hz
205	1510594138117	-2.271	-7.369	5.891	run40hz
206	1510594138122	-2.273	-7.339	5.799	run40hz
207	1510594138127	-2.063	-7.651	6.257	run40hz
208	1510594138132	-1.893	-7.472	6.177	run40hz
209	1510594138137	-2.031	-7.627	6.346	run40hz
210	1510594138142	-1.655	-7.563	6.261	run40hz
211	1510594138147	-1.724	-7.882	6.401	run40hz
212	1510594138152	-1.268	-7.71	6.898	run40hz
213	1510594138157	-1.37	-7.536	7.056	run40hz
214	1510594138162	-1.265	-7.393	7.218	run40hz
215	1510594138167	-0.942	-7.16	7.666	run40hz
216	1510594138172	-1.427	-7.346	7.631	run40hz
217	1510594138177	-1.993	-7.526	7.127	run40hz
218	1510594138182	-1.741	-7.294	6.978	run40hz
219	1510594138187	-1.401	-6.86	6.854	run40hz
220	1510594138192	-1.402	-6.305	6.994	run40hz
221	1510594138197	-1.997	-6.951	8.419	run40hz
222	1510594138203	-1.623	-5.282	8.042	run40hz
223	1510594138208	-2.042	-4.525	7.066	run40hz
224	1510594138213	-2.055	-5.798	7.315	run40hz
225	1510594138218	-2.414	-7.059	7.313	run40hz
226	1510594138223	-3.13	-7.609	7.974	run40hz
227	1510594138228	-2.817	-8.681	7.168	run40hz
228	1510594138233	-2.518	-9.348	6.609	run40hz
229	1510594138238	-2.026	-10.127	6.709	run40hz
230	1510594138244	-1.851	-10.178	6.415	run40hz
231	1510594138248	-2.293	-10.234	7.231	run40hz
232	1510594138253	-2.616	-10.899	5.898	run40hz
233	1510594138258	-4.713	-11.871	7.198	run40hz
234	1510594138263	-3.899	-11.693	8.734	run40hz
235	1510594138268	-2.467	-13.123	10.699	run40hz
236	1510594138273	-1.019	-16.45	12.111	run40hz
237	1510594138278	-0.638	-16.65	11.426	run40hz
238	1510594138283	-2.636	-14.075	9.961	run40hz
239	1510594138288	-5.045	-15.821	12.078	run40hz
240	1510594138293	-3.952	-17.366	13.003	run40hz
241	1510594138298	-2.999	-17.715	14.639	run40hz
242	1510594138303	-3.793	-18.699	15.432	run40hz
243	1510594138309	-5.084	-19.362	16.785	run40hz
244	1510594138314	-5.374	-19.566	19.294	run40hz
245	1510594138319	-6.331	-19.566	19.294	run40hz
246	1510594138324	-8.464	-16.459	19.294	run40hz
247	1510594138329	-7.529	-15.843	19.294	run40hz
248	1510594138334	-7.086	-19.566	19.294	run40hz
249	1510594138339	-8.671	-19.566	19.294	run40hz
250	1510594138344	-8.198	-16.195	19.294	run40hz
251	1510594138349	-9.378	-8.839	19.294	run40hz
252	1510594138354	-11.09	-6.037	19.294	run40hz
253	1510594138359	-12.71	-5.449	19.294	run40hz
254	1510594138364	-14.119	-6.107	19.294	run40hz
255	1510594138369	-14.225	-6.819	19.294	run40hz
256	1510594138374	-13.685	-6.936	19.294	run40hz
257	1510594138379	-13.145	-6.074	19.294	run40hz
258	1510594138384	-12.932	-4.457	19.294	run40hz
259	1510594138389	-13.115	-2.85	19.294	run40hz
260	1510594138395	-13.479	-2.316	19.294	run40hz
261	1510594138399	-13.696	-3.103	19.294	run40hz
262	1510594138404	-13.67	-4.596	19.294	run40hz
263	1510594138409	-13.622	-5.949	19.294	run40hz
264	1510594138415	-13.758	-6.819	19.294	run40hz
265	1510594138420	-13.897	-7.363	19.294	run40hz
266	1510594138425	-13.6	-7.773	19.294	run40hz
267	1510594138430	-12.747	-8.415	19.294	run40hz
268	1510594138435	-11.654	-9.27	19.294	run40hz
269	1510594138440	-10.941	-10.114	19.294	run40hz
270	1510594138445	-10.636	-10.807	19.294	run40hz
271	1510594138450	-10.534	-11.484	19.294	run40hz
272	1510594138455	-10.375	-12.273	19.294	run40hz
273	1510594138460	-10.074	-13.099	18.411	run40hz
274	1510594138465	-9.664	-14.12	16.73	run40hz
275	1510594138470	-9.176	-15.313	14.932	run40hz
276	1510594138475	-8.867	-16.477	13.119	run40hz
277	1510594138480	-8.844	-17.869	11.237	run40hz
278	1510594138485	-9.046	-19.291	9.308	run40hz
279	1510594138490	-9.257	-19.566	7.584	run40hz
280	1510594138495	-9.148	-19.566	5.997	run40hz
281	1510594138500	-8.699	-19.566	4.139	run40hz
282	1510594138506	-8.464	-19.566	2.511	run40hz
283	1510594138511	-8.604	-19.566	0.8	run40hz
284	1510594138516	-8.905	-19.566	-0.527	run40hz
285	1510594138521	-8.803	-19.566	-1.94	run40hz
286	1510594138526	-8.713	-19.566	-3.628	run40hz
287	1510594138531	-8.823	-19.566	-5.363	run40hz
288	1510594138536	-8.56	-19.566	-7.401	run40hz
289	1510594138541	-7.602	-19.566	-9.898	run40hz
290	1510594138546	-5.893	-19.219	-12.289	run40hz
291	1510594138551	-4.025	-17.592	-14.307	run40hz
292	1510594138556	-2.383	-16.285	-15.944	run40hz
293	1510594138561	-0.807	-15.19	-17.232	run40hz
294	1510594138566	0.971	-14.08	-18.55	run40hz
295	1510594138571	2.916	-12.781	-19.822	run40hz
296	1510594138576	4.823	-11.245	-19.932	run40hz
297	1510594138581	6.213	-9.748	-19.932	run40hz
298	1510594138586	6.765	-8.852	-19.932	run40hz
299	1510594138591	6.564	-8.74	-19.932	run40hz
300	1510594138596	5.897	-9.954	-19.932	run40hz
301	1510594138601	5.147	-13.255	-19.932	run40hz
302	1510594138606	4.406	-17.812	-19.889	run40hz
303	1510594138612	3.89	-19.566	-19.309	run40hz
304	1510594138617	3.932	-19.566	-19.875	run40hz
305	1510594138622	4.397	-19.566	-19.932	run40hz
306	1510594138627	4.793	-18.709	-19.932	run40hz
307	1510594138632	4.721	-19.346	-19.932	run40hz
308	1510594138637	4.314	-19.566	-19.932	run40hz
309	1510594138642	3.815	-19.566	-19.932	run40hz
310	1510594138647	3.383	-19.566	-19.932	run40hz
311	1510594138652	3.238	-19.566	-19.932	run40hz
312	1510594138657	3.606	-19.566	-19.932	run40hz
313	1510594138662	4.374	-19.566	-19.932	run40hz
314	1510594138667	5.191	-19.566	-19.932	run40hz
315	1510594138672	5.906	-19.566	-19.932	run40hz
316	1510594138677	6.569	-19.566	-19.932	run40hz
317	1510594138682	7.298	-19.566	-19.932	run40hz
318	1510594138687	8.13	-19.566	-19.932	run40hz
319	1510594138692	8.894	-19.566	-19.932	run40hz
320	1510594138697	9.282	-19.566	-19.932	run40hz
321	1510594138703	9.885	-19.566	-19.932	run40hz
322	1510594138708	14.109	-19.566	-19.932	run40hz
323	1510594138713	6.142	19.66	-19.932	run40hz
324	1510594138718	-19.707	-19.566	-3.793	run40hz
325	1510594138723	-19.707	-19.566	19.294	run40hz
326	1510594138728	-14.588	-19.566	15.372	run40hz
327	1510594138733	16.23	19.66	-18.357	run40hz
328	1510594138738	19.519	19.66	-9.093	run40hz
329	1510594138743	-0.086	5.79	19.294	run40hz
330	1510594138748	-1.929	-19.566	19.294	run40hz
331	1510594138753	-2.625	-19.566	14.929	run40hz
332	1510594138758	9.97	3.973	5.59	run40hz
333	1510594138763	2.677	-11.223	3.095	run40hz
334	1510594138768	-6.105	-9.215	-2.813	run40hz
335	1510594138773	-14.208	-5.965	0.996	run40hz
336	1510594138778	-10.416	0.696	2.648	run40hz
337	1510594138784	-2.697	-5.49	8.235	run40hz
338	1510594138788	1.826	-7.849	7.369	run40hz
339	1510594138794	0.134	-7.108	2.018	run40hz
340	1510594138798	-1.208	-7.492	4.105	run40hz
341	1510594138804	0.443	-7.597	5.964	run40hz
342	1510594138809	1.069	-7.712	5.961	run40hz
343	1510594138814	-1.639	-6.571	4.276	run40hz
344	1510594138819	-2.701	-9.447	5.023	run40hz
345	1510594138824	-2.03	-8.159	5.609	run40hz
346	1510594138829	-2.431	-10.05	5.706	run40hz
347	1510594138834	-1.526	-10.659	5.758	run40hz
348	1510594138839	-0.848	-11.222	5.585	run40hz
349	1510594138844	-1.353	-11.983	5.279	run40hz
350	1510594138849	-1.471	-11.557	5.713	run40hz
351	1510594138854	-1.04	-10.623	6.993	run40hz
352	1510594138859	-1.493	-9.565	8.102	run40hz
353	1510594138864	-1.89	-8.791	9.29	run40hz
354	1510594138869	-2.716	-8.545	9.075	run40hz
355	1510594138874	-2.857	-8.651	9.177	run40hz
356	1510594138879	-2.473	-6.303	9.082	run40hz
357	1510594138884	-1.974	-5.515	7.896	run40hz
358	1510594138890	-3.019	-5.912	7.319	run40hz
359	1510594138895	-3.552	-6.863	7.506	run40hz
360	1510594138900	-5.051	-7.896	11.017	run40hz
361	1510594138905	-6.898	-7.087	17.388	run40hz
362	1510594138910	-9.321	-11.104	19.294	run40hz
363	1510594138915	-4.519	-6.098	19.294	run40hz
364	1510594138920	-5.125	-10.8	19.294	run40hz
365	1510594138925	1.043	-19.566	18.421	run40hz
366	1510594138930	2.458	-19.566	18.054	run40hz
367	1510594138935	2.498	-19.566	19.294	run40hz
368	1510594138940	6.276	-19.566	19.294	run40hz
369	1510594138945	2.48	-19.566	11.172	run40hz
370	1510594138952	-0.413	-19.566	5.618	run40hz
371	1510594138955	-10.643	-19.566	0.986	run40hz
372	1510594138960	-19.707	-19.566	1.77	run40hz
373	1510594138965	-19.707	-19.566	12.822	run40hz
374	1510594138970	-19.707	-19.566	5.352	run40hz
375	1510594138975	-9.628	-9.657	-0.716	run40hz
376	1510594138980	0.086	-9.386	9.709	run40hz
377	1510594138985	2.93	-18.075	18.703	run40hz
378	1510594138991	0.454	-19.566	19.294	run40hz
379	1510594138996	-1.045	-19.566	19.294	run40hz
380	1510594139001	-1.286	-19.566	19.294	run40hz
381	1510594139006	-0.658	-18.654	19.294	run40hz
382	1510594139011	0.172	-18.363	19.294	run40hz
383	1510594139016	-0.233	-19.566	19.294	run40hz
384	1510594139021	-1.951	-19.566	19.294	run40hz
385	1510594139026	-3.876	-19.566	19.294	run40hz
386	1510594139031	-5.44	-19.566	19.294	run40hz
387	1510594139036	-6.343	-19.566	19.294	run40hz
388	1510594139041	-6.579	-19.566	19.294	run40hz
389	1510594139046	-6.5	-19.566	19.294	run40hz
390	1510594139051	-6.705	-19.225	19.294	run40hz
391	1510594139056	-7.643	-18.154	19.294	run40hz
392	1510594139061	-9.491	-16.853	19.294	run40hz
393	1510594139066	-11.854	-15.22	19.294	run40hz
394	1510594139071	-14.487	-13.316	19.294	run40hz
395	1510594139076	-16.927	-11.569	19.294	run40hz
396	1510594139081	-19.011	-10.474	19.294	run40hz
397	1510594139086	-19.707	-10.095	19.294	run40hz
398	1510594139092	-19.707	-10.102	19.294	run40hz
399	1510594139097	-19.545	-10.129	19.294	run40hz
400	1510594139102	-18.96	-9.918	19.294	run40hz
401	1510594139107	-18.525	-9.201	19.294	run40hz
402	1510594139112	-17.67	-7.545	19.294	run40hz
403	1510594139117	-16.014	-4.751	19.294	run40hz
404	1510594139123	-13.481	-2.219	19.294	run40hz
405	1510594139127	-10.673	-0.676	19.294	run40hz
406	1510594139132	-7.987	0.255	19.294	run40hz
407	1510594139137	-5.866	0.76	19.294	run40hz
408	1510594139142	-4.333	0.831	19.294	run40hz
409	1510594139147	-3.312	0.982	19.294	run40hz
410	1510594139152	-2.713	1.2	19.294	run40hz
411	1510594139157	-2.584	1.188	19.294	run40hz
412	1510594139162	-2.729	0.906	19.294	run40hz
413	1510594139167	-2.883	0.384	17.202	run40hz
414	1510594139173	-3.188	-0.179	14.628	run40hz
415	1510594139178	-3.746	-0.868	12.197	run40hz
416	1510594139183	-4.483	-1.597	9.926	run40hz
417	1510594139188	-5.498	-2.903	8.074	run40hz
418	1510594139193	-6.41	-5.048	6.639	run40hz
419	1510594139198	-6.829	-7.767	5.854	run40hz
420	1510594139203	-6.968	-10.429	5.274	run40hz
421	1510594139208	-7.131	-12.65	4.622	run40hz
422	1510594139213	-7.063	-14.126	4.321	run40hz
423	1510594139218	-6.843	-15.493	4.131	run40hz
424	1510594139223	-6.443	-17.288	3.975	run40hz
425	1510594139228	-5.781	-19.068	3.953	run40hz
426	1510594139233	-5.42	-19.566	3.779	run40hz
427	1510594139238	-6.716	-19.566	3.212	run40hz
428	1510594139243	-9.158	-19.566	2.491	run40hz
429	1510594139248	-10.815	-19.566	1.138	run40hz
430	1510594139253	-11.454	-19.566	-1.045	run40hz
431	1510594139258	-9.947	-19.566	-3.37	run40hz
432	1510594139263	-6.768	-19.566	-5.122	run40hz
433	1510594139268	-4.323	-19.566	-6.282	run40hz
434	1510594139274	-3.072	-19.566	-6.303	run40hz
435	1510594139279	-2.896	-19.566	-5.419	run40hz
436	1510594139284	-2.847	-19.566	-4.298	run40hz
437	1510594139289	-2.297	-19.566	-3.433	run40hz
438	1510594139294	-1.152	-19.566	-2.746	run40hz
439	1510594139299	0.008	-19.566	-2.348	run40hz
440	1510594139304	0.742	-19.566	-1.981	run40hz
441	1510594139309	1.316	-19.566	-1.418	run40hz
442	1510594139314	1.865	-19.566	-0.608	run40hz
443	1510594139319	2.049	-19.566	0.081	run40hz
444	1510594139324	1.837	-19.566	0.21	run40hz
445	1510594139329	1.265	-19.566	-0.164	run40hz
446	1510594139334	0.447	-19.566	-0.661	run40hz
447	1510594139339	-0.351	-19.566	-1.288	run40hz
448	1510594139344	-1.184	-19.566	-2.264	run40hz
449	1510594139349	-2.277	-19.566	-4.069	run40hz
450	1510594139354	-3.197	-19.566	-6.631	run40hz
451	1510594139359	-3.561	-19.566	-9.939	run40hz
452	1510594139364	-3.853	-19.566	-13.976	run40hz
453	1510594139369	-4.52	-19.566	-18.198	run40hz
454	1510594139375	-5.51	-19.566	-19.932	run40hz
455	1510594139380	-6.106	-19.566	-19.932	run40hz
456	1510594139385	-5.505	-19.566	-19.932	run40hz
457	1510594139390	-3.73	-19.566	-19.932	run40hz
458	1510594139395	-1.308	-19.566	-19.932	run40hz
459	1510594139400	1.021	-19.566	-19.932	run40hz
460	1510594139405	2.983	-19.566	-19.932	run40hz
461	1510594139410	4.138	-19.566	-19.932	run40hz
462	1510594139415	4.557	-19.566	-19.932	run40hz
463	1510594139420	4.739	-19.566	-19.932	run40hz
464	1510594139425	5.236	-19.566	-19.932	run40hz
465	1510594139430	6.054	-19.566	-19.932	run40hz
466	1510594139435	6.559	-19.566	-19.932	run40hz
467	1510594139440	6.184	-18.609	-19.932	run40hz
468	1510594139445	9.029	-6.974	-19.932	run40hz
469	1510594139450	4.495	-10.178	-19.932	run40hz
470	1510594139455	9.16	19.66	-19.932	run40hz
471	1510594139460	-0.196	-19.566	-19.932	run40hz
472	1510594139465	-19.215	-19.566	6.025	run40hz
473	1510594139470	-19.707	-19.566	13.986	run40hz
474	1510594139476	-19.707	-19.566	7.788	run40hz
475	1510594139481	-19.707	-10.88	-4	run40hz
476	1510594139486	-19.707	7.546	-1.047	run40hz
477	1510594139491	-19.707	-19.566	19.294	run40hz
478	1510594139496	-10.771	-19.566	19.294	run40hz
479	1510594139501	19.519	6.918	19.294	run40hz
480	1510594139506	19.519	-19.566	19.294	run40hz
481	1510594139511	0.086	-14.062	-1.8	run40hz
482	1510594139516	-5.962	1.91	-3.42	run40hz
483	1510594139521	-2.88	-5.006	2.171	run40hz
484	1510594139526	-0.505	-5.486	3.024	run40hz
485	1510594139531	-0.67	-4.453	4.71	run40hz
486	1510594139536	-1.152	-8.507	4.626	run40hz
487	1510594139541	-0.661	-6.425	5.607	run40hz
488	1510594139546	-1.341	-6.345	5.67	run40hz
489	1510594139551	-1.569	-9.253	5.04	run40hz
490	1510594139556	-1.889	-10.044	4.847	run40hz
491	1510594139561	-2.917	-10.061	5.272	run40hz
492	1510594139566	-2.645	-11.454	5.736	run40hz
493	1510594139571	-1.708	-12.781	5.488	run40hz
494	1510594139577	-1.812	-12.488	5.089	run40hz
495	1510594139582	-1.841	-11.529	5.831	run40hz
496	1510594139587	-1.425	-10.629	7.187	run40hz
497	1510594139592	-1.643	-8.729	8.919	run40hz
498	1510594139597	-1.604	-7.958	9.858	run40hz
499	1510594139602	-2.106	-8.459	10.411	run40hz
500	1510594139607	-2.657	-6.853	9.847	run40hz
501	1510594139612	-5.152	-6.707	11.39	run40hz
502	1510594139617	-5.889	-6.602	14.367	run40hz
503	1510594139622	-5.389	-5.678	17.785	run40hz
504	1510594139627	-4.175	-6.486	19.294	run40hz
505	1510594139632	-3.533	-8.767	19.294	run40hz
506	1510594139637	-5.043	-13.28	19.294	run40hz
507	1510594139642	-3.791	-19.566	19.294	run40hz
508	1510594139647	-0.876	-19.566	19.294	run40hz
509	1510594139652	-0.773	-19.566	19.294	run40hz
510	1510594139657	0.081	-19.566	12.966	run40hz
511	1510594139662	-1.357	-19.566	5.952	run40hz
512	1510594139667	-1.83	-19.566	5.238	run40hz
513	1510594139673	-10.636	-19.566	3.885	run40hz
514	1510594139678	-14.493	-19.566	0.972	run40hz
515	1510594139683	-19.707	-19.566	12.831	run40hz
516	1510594139688	-15.334	-19.566	8.303	run40hz
517	1510594139693	-5.266	-13.373	1.762	run40hz
518	1510594139698	2.114	-12.815	4.64	run40hz
519	1510594139703	5.502	-19.566	19.294	run40hz
520	1510594139708	8.566	-19.566	19.294	run40hz
521	1510594139713	4.402	-19.566	19.294	run40hz
522	1510594139718	0.897	-19.566	19.294	run40hz
523	1510594139723	-1.744	-19.566	19.294	run40hz
524	1510594139728	-3.188	-19.566	19.294	run40hz
525	1510594139733	-4.646	-19.566	19.294	run40hz
526	1510594139738	-6.396	-19.566	19.294	run40hz
527	1510594139743	-7.911	-19.566	19.294	run40hz
528	1510594139748	-8.806	-19.566	19.294	run40hz
529	1510594139753	-8.909	-19.566	19.294	run40hz
530	1510594139758	-8.355	-19.566	19.294	run40hz
531	1510594139763	-7.674	-19.566	19.294	run40hz
532	1510594139768	-7.317	-19.566	19.294	run40hz
533	1510594139774	-7.071	-19.566	19.294	run40hz
534	1510594139779	-7.296	-19.566	19.294	run40hz
535	1510594139784	-8.334	-19.566	19.294	run40hz
536	1510594139789	-10.198	-19.566	19.294	run40hz
537	1510594139794	-12.41	-19.566	19.294	run40hz
538	1510594139799	-14.39	-19.566	19.294	run40hz
539	1510594139804	-15.908	-19.566	19.294	run40hz
540	1510594139809	-16.798	-19.016	19.294	run40hz
541	1510594139814	-16.558	-17.746	19.294	run40hz
542	1510594139819	-16.131	-16.676	19.294	run40hz
543	1510594139824	-15.748	-15.887	19.294	run40hz
544	1510594139829	-15.677	-15.233	19.294	run40hz
545	1510594139834	-15.765	-14.449	19.294	run40hz
546	1510594139839	-15.355	-13.108	19.294	run40hz
547	1510594139844	-14.715	-10.485	19.294	run40hz
548	1510594139849	-13.962	-6.723	19.294	run40hz
549	1510594139854	-12.606	-2.58	19.294	run40hz
550	1510594139859	-10.3	1.362	19.294	run40hz
551	1510594139864	-7.655	4.569	19.294	run40hz
552	1510594139869	-5.14	6.703	19.294	run40hz
553	1510594139874	-2.973	7.752	19.294	run40hz
554	1510594139879	-1.618	8.334	19.294	run40hz
555	1510594139884	-1.128	8.924	19.294	run40hz
556	1510594139889	-0.964	9.726	19.294	run40hz
557	1510594139894	-0.655	10.526	19.294	run40hz
558	1510594139899	-0.303	10.865	18.93	run40hz
559	1510594139904	-0.221	10.201	16.991	run40hz
560	1510594139909	-0.547	8.108	15.937	run40hz
561	1510594139914	-1.545	4.747	15.303	run40hz
562	1510594139919	-3.326	0.795	14.753	run40hz
563	1510594139924	-5.395	-3.052	14.023	run40hz
564	1510594139930	-6.981	-6.614	13.246	run40hz
565	1510594139935	-7.903	-9.845	12.365	run40hz
566	1510594139940	-8.825	-13.034	11.63	run40hz
567	1510594139945	-9.648	-16.244	11.332	run40hz
568	1510594139950	-10.303	-19.353	11.302	run40hz
569	1510594139955	-10.794	-19.566	11.24	run40hz
570	1510594139960	-10.885	-19.566	11.12	run40hz
571	1510594139965	-10.532	-19.566	10.908	run40hz
572	1510594139970	-10.3	-19.566	10.413	run40hz
573	1510594139975	-10.432	-19.566	9.466	run40hz
574	1510594139981	-10.599	-19.566	8.739	run40hz
575	1510594139986	-10.806	-19.566	8.096	run40hz
576	1510594139991	-10.925	-19.566	7.234	run40hz
577	1510594139996	-9.589	-19.566	6.398	run40hz
578	1510594140001	-7.624	-19.566	5.594	run40hz
579	1510594140006	-5.515	-19.566	4.855	run40hz
580	1510594140011	-3.532	-19.566	4.613	run40hz
581	1510594140020	-2.243	-19.566	4.986	run40hz
582	1510594140021	-1.94	-19.566	5.502	run40hz
583	1510594140026	-1.191	-19.566	5.577	run40hz
584	1510594140031	-0.066	-19.566	5.172	run40hz
585	1510594140036	1.24	-19.566	4.504	run40hz
586	1510594140041	2.004	-19.566	4.288	run40hz
587	1510594140046	1.556	-19.566	4.742	run40hz
588	1510594140051	-0.15	-19.566	5.648	run40hz
589	1510594140062	-1.661	-19.566	6.541	run40hz
590	1510594140063	-1.924	-19.566	6.758	run40hz
591	1510594140069	-1.032	-19.566	5.678	run40hz
592	1510594140071	0.02	-19.566	3.036	run40hz
593	1510594140077	0.791	-19.566	-1.158	run40hz
594	1510594140082	1.128	-19.566	-6.019	run40hz
595	1510594140086	0.432	-19.566	-10.371	run40hz
596	1510594140091	-1.123	-19.566	-14.3	run40hz
597	1510594140096	-2.944	-19.566	-18.234	run40hz
598	1510594140101	-4.216	-19.566	-19.932	run40hz
599	1510594140107	-4.263	-19.566	-19.932	run40hz
600	1510594140112	-2.849	-19.566	-19.932	run40hz
601	1510594140117	0.334	-19.566	-19.932	run40hz
602	1510594140122	4.739	-19.566	-19.932	run40hz
603	1510594140127	9.332	-19.566	-19.932	run40hz
604	1510594140132	12.705	-19.566	-19.932	run40hz
605	1510594140137	14.278	-19.566	-19.932	run40hz
606	1510594140142	14.417	-19.566	-19.932	run40hz
607	1510594140148	13.08	-19.566	-19.932	run40hz
608	1510594140152	11.472	-19.566	-19.932	run40hz
609	1510594140158	10.005	-18.268	-19.932	run40hz
610	1510594140162	8.294	-14.117	-19.932	run40hz
611	1510594140167	5.434	-12.449	-19.932	run40hz
612	1510594140173	6.757	5.914	-19.932	run40hz
613	1510594140178	4.197	19.66	-19.932	run40hz
614	1510594140182	10.208	19.66	-19.932	run40hz
615	1510594140187	-16.612	-19.566	-19.932	run40hz
616	1510594140193	-19.707	-19.566	-13.446	run40hz
617	1510594140199	-19.707	-19.566	1.165	run40hz
618	1510594140203	-7.785	-19.566	-19.932	run40hz
619	1510594140208	-9.42	19.66	3.456	run40hz
620	1510594140213	-19.707	11.654	9.463	run40hz
621	1510594140218	-5.3	-19.566	-0.193	run40hz
622	1510594140223	19.519	-19.566	-1.889	run40hz
623	1510594140228	19.519	-19.566	0.68	run40hz
624	1510594140233	16.056	-19.566	-1.683	run40hz
625	1510594140238	3.244	-5.759	2.355	run40hz
626	1510594140243	-1.592	-7.638	6.374	run40hz
627	1510594140248	-4.306	-9.302	11.607	run40hz
628	1510594140253	-2.342	1.048	19.294	run40hz
629	1510594140259	1.131	-11.406	19.294	run40hz
630	1510594140264	1.945	-14.557	15.637	run40hz
631	1510594140269	0.541	-6.333	0.852	run40hz
632	1510594140274	-1.781	-7.795	-2.109	run40hz
633	1510594140278	-3.209	-7.42	-2.496	run40hz
634	1510594140284	-1.939	-8.301	1.758	run40hz
635	1510594140289	-1.723	-8.806	6.725	run40hz
636	1510594140294	-1.659	-9.481	6.513	run40hz
637	1510594140299	-0.863	-10.083	4.372	run40hz
638	1510594140304	-1.33	-10.431	4.265	run40hz
639	1510594140309	-2.597	-8.967	5.754	run40hz
640	1510594140314	-3.323	-7.175	6.164	run40hz
641	1510594140319	-0.756	-4.948	7.334	run40hz
642	1510594140324	0.356	-2.313	7.891	run40hz
643	1510594140329	0.622	-1.529	7.453	run40hz
644	1510594140334	-0.205	-3.251	6.717	run40hz
645	1510594140339	-1.21	-7.795	6.872	run40hz
646	1510594140344	-0.555	-12.778	11.782	run40hz
647	1510594140349	0.782	-13.593	16.633	run40hz
648	1510594140354	2.196	-17.623	19.294	run40hz
649	1510594140359	3.144	-14.627	19.294	run40hz
650	1510594140364	-0.734	-16.543	19.294	run40hz
651	1510594140369	-0.338	-19.566	19.294	run40hz
652	1510594140375	1.45	-19.566	19.294	run40hz
653	1510594140380	0.523	-19.566	19.294	run40hz
654	1510594140385	1.251	-19.566	11.707	run40hz
655	1510594140390	2.518	-19.566	0.032	run40hz
656	1510594140395	-0.872	-19.566	2.691	run40hz
657	1510594140400	-7.126	-19.566	-1.161	run40hz
658	1510594140405	-14.043	-19.566	3.843	run40hz
659	1510594140410	-18.025	-19.566	8.349	run40hz
660	1510594140415	-9.471	-19.566	-2.256	run40hz
661	1510594140420	-2.185	-15.714	-4.805	run40hz
662	1510594140425	3.746	-19.566	-1.416	run40hz
663	1510594140430	6.027	-19.566	5.739	run40hz
664	1510594140435	4.717	-19.566	12.996	run40hz
665	1510594140440	1.668	-19.566	17.146	run40hz
666	1510594140445	-3.533	-19.566	19.294	run40hz
667	1510594140450	-2.391	-19.566	19.294	run40hz
668	1510594140455	-5.374	-19.566	19.294	run40hz
669	1510594140460	-8.352	-19.566	14.81	run40hz
670	1510594140465	-10.505	-19.566	13.27	run40hz
671	1510594140470	-12.166	-19.566	18.579	run40hz
672	1510594140476	-12.351	-19.566	19.294	run40hz
673	1510594140481	-12.749	-19.566	19.294	run40hz
674	1510594140486	-12.015	-19.566	19.294	run40hz
675	1510594140491	-10.012	-19.566	19.294	run40hz
676	1510594140496	-7.527	-19.566	19.294	run40hz
677	1510594140501	-5.322	-19.566	19.294	run40hz
678	1510594140506	-3.737	-19.566	19.294	run40hz
679	1510594140511	-2.877	-19.566	19.294	run40hz
680	1510594140516	-2.707	-19.566	19.294	run40hz
681	1510594140521	-3.23	-19.566	19.294	run40hz
682	1510594140526	-4.167	-19.566	19.294	run40hz
683	1510594140531	-5.141	-19.222	19.294	run40hz
684	1510594140536	-6.068	-18.175	19.294	run40hz
685	1510594140541	-6.914	-17.019	19.294	run40hz
686	1510594140546	-7.703	-15.758	19.294	run40hz
687	1510594140551	-8.378	-14.291	19.294	run40hz
688	1510594140556	-9.148	-13.099	19.294	run40hz
689	1510594140561	-10.013	-12.651	19.294	run40hz
690	1510594140567	-10.466	-12.745	19.294	run40hz
691	1510594140572	-10.627	-12.595	19.294	run40hz
692	1510594140577	-10.314	-11.543	19.294	run40hz
693	1510594140582	-9.989	-9.971	19.294	run40hz
694	1510594140587	-10.021	-8.726	19.294	run40hz
695	1510594140592	-9.954	-7.117	19.294	run40hz
696	1510594140597	-10.22	-4.381	19.294	run40hz
697	1510594140602	-10.752	-0.918	19.294	run40hz
698	1510594140607	-10.887	2.093	19.294	run40hz
699	1510594140612	-10.135	4.881	19.294	run40hz
700	1510594140617	-8.569	7.297	19.294	run40hz
701	1510594140622	-6.432	8.832	19.294	run40hz
702	1510594140627	-4.301	10.32	19.294	run40hz
703	1510594140632	-2.457	11.763	19.294	run40hz
704	1510594140637	-1.588	12.914	19.294	run40hz
705	1510594140642	-1.991	13.29	18.418	run40hz
706	1510594140647	-3.217	12.602	16.888	run40hz
707	1510594140652	-4.562	11.033	15.912	run40hz
708	1510594140657	-5.607	8.775	15.275	run40hz
709	1510594140662	-6.082	5.977	14.595	run40hz
710	1510594140668	-6.286	2.46	13.945	run40hz
711	1510594140673	-7.283	-1.881	13.286	run40hz
712	1510594140678	-8.494	-6.361	12.843	run40hz
713	1510594140683	-9.014	-10.472	12.524	run40hz
714	1510594140688	-9.448	-14.272	12.046	run40hz
715	1510594140693	-9.659	-17.737	11.515	run40hz
716	1510594140698	-9.428	-19.566	11.231	run40hz
717	1510594140703	-8.7	-19.566	10.837	run40hz
718	1510594140708	-7.719	-19.566	10.574	run40hz
719	1510594140713	-7.035	-19.566	10.134	run40hz
720	1510594140718	-7.137	-19.566	9.605	run40hz
721	1510594140723	-7.789	-19.566	9.119	run40hz
722	1510594140728	-8.371	-19.566	8.706	run40hz
723	1510594140733	-8.383	-19.566	8.424	run40hz
724	1510594140738	-7.372	-19.566	8.352	run40hz
725	1510594140743	-5.751	-19.566	8.51	run40hz
726	1510594140748	-4.183	-19.566	8.518	run40hz
727	1510594140753	-1.979	-19.566	8.428	run40hz
728	1510594140758	1.128	-19.566	8.334	run40hz
729	1510594140763	3.961	-19.566	8.267	run40hz
730	1510594140769	4.866	-19.566	8.353	run40hz
731	1510594140774	3.58	-19.566	8.038	run40hz
732	1510594140779	1.114	-19.566	7.232	run40hz
733	1510594140784	-0.92	-19.566	6.53	run40hz
734	1510594140789	-0.915	-19.566	6.092	run40hz
735	1510594140794	-0.273	-19.566	5.651	run40hz
736	1510594140799	-0.445	-19.566	4.994	run40hz
737	1510594140804	-1.941	-19.566	4.386	run40hz
738	1510594140809	-3.926	-19.566	3.792	run40hz
739	1510594140814	-5.561	-19.566	3.118	run40hz
740	1510594140819	-6.537	-19.566	2.168	run40hz
741	1510594140824	-7.162	-19.566	1.033	run40hz
742	1510594140829	-6.965	-19.566	-0.048	run40hz
743	1510594140834	-5.994	-19.566	-1.122	run40hz
744	1510594140839	-4.371	-19.566	-2.552	run40hz
745	1510594140844	-2.646	-19.566	-4.951	run40hz
746	1510594140849	-1.308	-19.566	-8.443	run40hz
747	1510594140854	-0.477	-19.566	-13.117	run40hz
748	1510594140859	-0.062	-19.566	-18.011	run40hz
749	1510594140864	1.338	-19.566	-19.932	run40hz
750	1510594140870	4.998	-19.566	-19.932	run40hz
751	1510594140875	10.143	-19.566	-19.932	run40hz
752	1510594140880	14.973	-19.566	-19.932	run40hz
753	1510594140885	17.991	-19.566	-19.932	run40hz
754	1510594140890	18.99	-19.566	-19.932	run40hz
755	1510594140895	17.696	-19.566	-19.932	run40hz
756	1510594140900	16.761	-19.566	-19.932	run40hz
757	1510594140905	15.629	-19.566	-19.932	run40hz
758	1510594140910	14.095	-19.566	-19.932	run40hz
759	1510594140915	12.104	-19.566	-19.932	run40hz
760	1510594140920	9.852	-18.003	-19.932	run40hz
761	1510594140925	6.286	-15.447	-19.932	run40hz
762	1510594140930	10.945	5.444	-19.932	run40hz
763	1510594140935	-2.189	19.66	-19.932	run40hz
764	1510594140940	6.928	19.66	-19.932	run40hz
765	1510594140945	-6.375	-19.566	-18.358	run40hz
766	1510594140950	-4.894	-19.566	3.367	run40hz
767	1510594140955	-9.365	-19.566	3.911	run40hz
768	1510594140960	-15.304	-19.566	1.63	run40hz
769	1510594140965	-19.707	-19.566	5.901	run40hz
770	1510594140971	-19.707	-19.566	7.601	run40hz
771	1510594140976	-12.391	-19.566	11.45	run40hz
772	1510594140981	17.17	-19.566	14.618	run40hz
773	1510594140986	19.519	-19.566	6.262	run40hz
774	1510594140991	19.519	-19.566	6.337	run40hz
775	1510594140996	7.832	-13.704	12.077	run40hz
776	1510594141001	-10.417	2.981	19.294	run40hz
777	1510594141006	-11.773	-8.071	19.294	run40hz
778	1510594141011	-1.462	-10.021	12.687	run40hz
779	1510594141016	4.269	-13.333	3.724	run40hz
780	1510594141021	3.976	-12.252	-2.133	run40hz
781	1510594141026	-0.666	-8.737	-3.833	run40hz
782	1510594141031	-4.849	-6.132	-2.856	run40hz
783	1510594141036	-6.769	-4.682	-0.668	run40hz
784	1510594141041	-3.654	-5.363	5.933	run40hz
785	1510594141046	-0.069	-9.258	10.522	run40hz
786	1510594141051	-0.074	-10.341	7.213	run40hz
787	1510594141056	-1.374	-9.118	1.898	run40hz
788	1510594141061	-2.775	-8.909	1.079	run40hz
789	1510594141066	-2.594	-9.085	4.731	run40hz
790	1510594141072	-1.506	-10.027	6.635	run40hz
791	1510594141077	-0.183	-10.196	6.276	run40hz
792	1510594141082	1.607	-7.665	6.832	run40hz
793	1510594141087	1.326	-5.495	6.645	run40hz
794	1510594141092	0.84	-4.679	6.967	run40hz
795	1510594141097	0.143	-2.817	7.517	run40hz
796	1510594141102	-1.886	-3.05	8.593	run40hz
797	1510594141107	-3.43	-5.786	10.541	run40hz
798	1510594141112	-4.107	-8.403	11.923	run40hz
799	1510594141117	-4.013	-13.406	10.08	run40hz
800	1510594141123	-3.378	-17.024	13.296	run40hz
801	1510594141127	-2.304	-14.824	19.294	run40hz
802	1510594141132	-2.732	-19.566	19.294	run40hz
803	1510594141137	-0.09	-19.566	19.294	run40hz
804	1510594141142	-2.971	-19.566	19.294	run40hz
805	1510594141147	0.166	-19.566	19.294	run40hz
806	1510594141153	4.757	-19.566	7.997	run40hz
807	1510594141157	4.32	-19.566	1.677	run40hz
808	1510594141163	1.754	-19.566	-0.775	run40hz
809	1510594141168	-3.526	-19.566	12.69	run40hz
810	1510594141173	-6.868	-19.566	10.908	run40hz
811	1510594141178	-3.547	-19.566	8.731	run40hz
812	1510594141183	3.3	-16.987	12.177	run40hz
813	1510594141188	7.919	-19.44	15.663	run40hz
814	1510594141193	7.522	-19.566	16.632	run40hz
815	1510594141198	3.864	-19.566	16.666	run40hz
816	1510594141203	-1.24	-19.566	16.891	run40hz
817	1510594141208	-5.577	-18.834	16.092	run40hz
818	1510594141213	-7.834	-17.352	15.163	run40hz
819	1510594141218	-8.109	-17.442	14.929	run40hz
820	1510594141223	-7.651	-17.878	15.611	run40hz
821	1510594141228	-7.945	-18.163	16.879	run40hz
822	1510594141233	-9.197	-18.323	17.774	run40hz
823	1510594141238	-10.779	-18.104	18.199	run40hz
824	1510594141243	-12.127	-17.631	18.973	run40hz
825	1510594141248	-12.641	-17.531	19.294	run40hz
826	1510594141253	-12.182	-18.053	19.294	run40hz
827	1510594141259	-11.039	-18.52	19.294	run40hz
828	1510594141264	-9.654	-18.58	19.294	run40hz
829	1510594141269	-8.242	-17.957	19.294	run40hz
830	1510594141274	-7.02	-16.999	19.294	run40hz
831	1510594141279	-6.008	-16.063	19.294	run40hz
832	1510594141284	-5.254	-15.338	19.294	run40hz
833	1510594141289	-5.235	-15.03	19.294	run40hz
834	1510594141294	-5.902	-14.847	19.294	run40hz
835	1510594141299	-6.937	-14.352	19.294	run40hz
836	1510594141304	-8.204	-13.138	19.294	run40hz
837	1510594141309	-9.271	-11.927	19.294	run40hz
838	1510594141314	-9.536	-11.546	19.294	run40hz
839	1510594141319	-10.017	-12.082	19.294	run40hz
840	1510594141324	-11.288	-13.218	19.294	run40hz
841	1510594141329	-13.695	-14.258	19.294	run40hz
842	1510594141334	-16.548	-14.484	19.294	run40hz
843	1510594141339	-17.593	-12.83	19.294	run40hz
844	1510594141344	-16.627	-9.595	19.294	run40hz
845	1510594141349	-15.165	-6.14	19.294	run40hz
846	1510594141355	-15.32	-4.146	19.294	run40hz
847	1510594141359	-15.389	-2.724	19.294	run40hz
848	1510594141365	-14.651	-0.861	19.294	run40hz
849	1510594141370	-13.394	0.958	19.294	run40hz
850	1510594141375	-11.437	2.335	19.294	run40hz
851	1510594141380	-9.653	3.612	19.294	run40hz
852	1510594141385	-8.555	4.87	19.294	run40hz
853	1510594141390	-7.55	5.737	18.791	run40hz
854	1510594141395	-6.199	6.097	16.782	run40hz
855	1510594141400	-4.668	6.192	14.928	run40hz
856	1510594141405	-3.487	6.002	13.256	run40hz
857	1510594141410	-2.704	5.363	11.861	run40hz
858	1510594141415	-2.313	4.292	10.86	run40hz
859	1510594141420	-2.333	2.8	10.219	run40hz
860	1510594141425	-2.771	0.772	9.884	run40hz
861	1510594141430	-3.666	-1.682	9.628	run40hz
862	1510594141435	-5.042	-4.14	9.195	run40hz
863	1510594141440	-5.83	-5.349	8.07	run40hz
864	1510594141445	-4.856	-5.65	7.05	run40hz
865	1510594141450	-4.332	-7.727	6.335	run40hz
866	1510594141456	-6.497	-11.303	6.107	run40hz
867	1510594141461	-10.493	-14.547	6.497	run40hz
868	1510594141466	-13.115	-16.804	7.394	run40hz
869	1510594141471	-12.288	-18.211	7.146	run40hz
870	1510594141476	-9.923	-19.137	5.523	run40hz
871	1510594141481	-7.35	-19.566	4.59	run40hz
872	1510594141486	-5.086	-19.566	4.859	run40hz
873	1510594141491	-3.636	-19.566	5.217	run40hz
874	1510594141496	-3.684	-19.566	5.713	run40hz
875	1510594141501	-4.741	-19.566	5.967	run40hz
876	1510594141506	-5.298	-19.566	5.72	run40hz
877	1510594141511	-5.002	-19.566	4.552	run40hz
878	1510594141516	-4.637	-19.566	3.22	run40hz
879	1510594141521	-4.212	-19.566	2.345	run40hz
880	1510594141526	-3.639	-19.566	1.893	run40hz
881	1510594141531	-2.702	-19.566	2.113	run40hz
882	1510594141536	-1.94	-19.566	3.149	run40hz
883	1510594141541	-1.799	-19.566	5.197	run40hz
884	1510594141546	-1.741	-19.566	11.223	run40hz
885	1510594141551	-0.712	-19.566	13.046	run40hz
886	1510594141562	0.125	-19.566	11.603	run40hz
887	1510594141563	1.488	-19.566	11.716	run40hz
888	1510594141567	2.772	-19.566	11.861	run40hz
889	1510594141576	3.979	-19.566	11.301	run40hz
890	1510594141577	5.97	-19.566	11.346	run40hz
891	1510594141582	8.688	-19.566	11.335	run40hz
892	1510594141587	10.977	-19.566	10.481	run40hz
893	1510594141592	11.87	-19.566	8.624	run40hz
894	1510594141597	10.994	-19.566	6.129	run40hz
895	1510594141602	9.038	-19.566	2.716	run40hz
896	1510594141607	6.591	-19.566	-1.22	run40hz
897	1510594141612	4.302	-19.566	-5.249	run40hz
898	1510594141617	2.093	-19.566	-9.169	run40hz
899	1510594141622	0.366	-19.566	-13.206	run40hz
900	1510594141627	-0.188	-19.566	-17.258	run40hz
901	1510594141633	0.446	-19.566	-19.932	run40hz
902	1510594141639	1.788	-19.566	-19.932	run40hz
903	1510594141643	2.684	-19.566	-19.932	run40hz
904	1510594141648	2.547	-19.566	-19.932	run40hz
905	1510594141653	2.509	-19.566	-19.932	run40hz
906	1510594141658	3.604	-19.566	-19.932	run40hz
907	1510594141663	6.275	-19.566	-19.932	run40hz
908	1510594141668	9.512	-19.566	-19.932	run40hz
909	1510594141673	12.399	-19.566	-19.932	run40hz
910	1510594141678	14.571	-19.566	-19.932	run40hz
911	1510594141683	15.944	-19.566	-19.932	run40hz
912	1510594141688	16.175	-19.566	-18.873	run40hz
913	1510594141693	14.875	-18.598	-16.441	run40hz
914	1510594141698	12.258	-15.431	-13.912	run40hz
915	1510594141703	14.377	6.754	-19.932	run40hz
916	1510594141708	11.227	9.247	-19.932	run40hz
917	1510594141713	17.208	15.85	-19.932	run40hz
918	1510594141718	19.519	-19.566	-19.932	run40hz
919	1510594141723	19.519	-19.566	19.294	run40hz
920	1510594141728	11.581	-19.566	19.294	run40hz
921	1510594141733	-1.967	-19.566	19.294	run40hz
922	1510594141738	-17.637	-19.566	16.387	run40hz
923	1510594141743	-19.707	-19.566	19.294	run40hz
924	1510594141748	-19.707	-19.566	15.265	run40hz
925	1510594141754	-13.774	-19.566	17.358	run40hz
926	1510594141759	18.523	-9.311	19.294	run40hz
927	1510594141764	19.519	-19.566	4.708	run40hz
928	1510594141769	19.519	-19.566	3.251	run40hz
929	1510594141774	17.587	-15.32	4.596	run40hz
930	1510594141779	-2.579	-6.696	6.929	run40hz
931	1510594141784	-14.407	-0.642	10.541	run40hz
932	1510594141789	-10.477	-4.08	12.826	run40hz
933	1510594141794	-0.498	-9.755	10.884	run40hz
934	1510594141799	4.71	-12.07	5.423	run40hz
935	1510594141804	2.319	-9.546	2.197	run40hz
936	1510594141809	-3.041	-7.499	1.783	run40hz
937	1510594141814	-6.451	-5.539	3.984	run40hz
938	1510594141819	-4.504	-6.268	6.706	run40hz
939	1510594141824	-0.876	-8.477	6.925	run40hz
940	1510594141829	1.08	-9.37	5.701	run40hz
941	1510594141834	0.107	-8.581	5.029	run40hz
942	1510594141839	-1.193	-8.217	5.088	run40hz
943	1510594141844	-1.514	-8.557	4.722	run40hz
944	1510594141849	-1.466	-8.851	4.229	run40hz
945	1510594141855	-1.629	-8.247	3.936	run40hz
946	1510594141860	-2.446	-7.51	4.173	run40hz
947	1510594141865	-0.39	-8.097	4.905	run40hz
948	1510594141870	0.646	-8.828	4.844	run40hz
949	1510594141875	1.432	-8.781	5.198	run40hz
950	1510594141880	0.859	-8.323	5.412	run40hz
951	1510594141885	-0.423	-8.281	5.654	run40hz
952	1510594141890	-1.617	-8.027	5.941	run40hz
953	1510594141895	-2.07	-8.187	5.819	run40hz
954	1510594141900	-1.838	-8.55	5.496	run40hz
955	1510594141905	-1.704	-8.488	5.204	run40hz
956	1510594141910	-1.786	-8.336	5.516	run40hz
957	1510594141915	-1.974	-8.699	6.421	run40hz
958	1510594141920	-1.864	-9.19	6.454	run40hz
959	1510594141925	-1.62	-8.966	6.054	run40hz
960	1510594141930	-1.298	-8.307	5.393	run40hz
961	1510594141935	-1.704	-8.427	5.351	run40hz
962	1510594141941	-1.972	-9.604	5.824	run40hz
963	1510594141945	-1.745	-10.598	6.317	run40hz
964	1510594141951	-1.877	-10.48	6.857	run40hz
965	1510594141956	-1.42	-10.393	7.151	run40hz
966	1510594141961	-1.067	-11.502	7.705	run40hz
967	1510594141966	-1.34	-13.412	7.519	run40hz
968	1510594141971	-1.459	-15.935	7.763	run40hz
969	1510594141976	-1.156	-18.728	8.932	run40hz
970	1510594141981	-1.001	-18.156	14.583	run40hz
971	1510594141986	0	-13.115	15.072	run40hz
972	1510594141991	-0.653	-14.163	10.107	run40hz
973	1510594141996	-1.15	-15.083	8.266	run40hz
974	1510594142001	-1.177	-14.986	9.851	run40hz
975	1510594142006	-0.568	-14.594	13.706	run40hz
976	1510594142011	0.427	-15.162	12.329	run40hz
977	1510594142016	-0.38	-15.521	11.98	run40hz
978	1510594142021	-2.575	-16.37	14.848	run40hz
979	1510594142026	-5.566	-15.38	19.294	run40hz
980	1510594142031	-6.443	-9.674	19.294	run40hz
981	1510594142036	-3.546	-10.351	19.294	run40hz
982	1510594142041	-2.403	-14.384	19.294	run40hz
983	1510594142046	0.124	-9.804	19.294	run40hz
984	1510594142052	1.62	-7.253	19.294	run40hz
985	1510594142057	1.83	-6.811	19.294	run40hz
986	1510594142062	1.89	-6.81	19.294	run40hz
987	1510594142067	1.598	-7.442	19.294	run40hz
988	1510594142072	0.83	-8.241	19.294	run40hz
989	1510594142077	-0.334	-8.94	19.294	run40hz
990	1510594142082	-2.062	-9.391	19.294	run40hz
991	1510594142087	-4.182	-9.988	19.294	run40hz
992	1510594142093	-6.477	-10.934	19.294	run40hz
993	1510594142097	-8.862	-11.759	19.294	run40hz
994	1510594142102	-10.833	-12.012	19.294	run40hz
995	1510594142107	-11.93	-11.678	19.294	run40hz
996	1510594142112	-12.136	-10.844	19.294	run40hz
997	1510594142117	-11.763	-9.731	19.294	run40hz
998	1510594142123	-11.392	-8.9	19.294	run40hz
999	1510594142127	-11.314	-8.703	19.294	run40hz
1000	1510594142133	-11.59	-8.951	19.294	run40hz
1001	1510594142137	-11.653	-8.997	19.294	run40hz
1002	1510594142142	-11.092	-8.654	19.294	run40hz
1003	1510594142147	-9.791	-8.022	19.294	run40hz
1004	1510594142153	-8.218	-7.522	19.294	run40hz
1005	1510594142157	-6.766	-7.452	18.709	run40hz
1006	1510594142163	-5.687	-7.454	17.784	run40hz
1007	1510594142167	-4.822	-7.255	16.516	run40hz
1008	1510594142173	-3.991	-6.776	15.139	run40hz
1009	1510594142178	-3.218	-6.237	13.839	run40hz
1010	1510594142183	-2.538	-6.082	12.788	run40hz
1011	1510594142188	-1.879	-6.572	12.026	run40hz
1012	1510594142193	-1.354	-7.598	11.477	run40hz
1013	1510594142198	-1.136	-8.767	11.096	run40hz
1014	1510594142203	-1.243	-9.804	10.83	run40hz
1015	1510594142208	-1.507	-10.703	10.462	run40hz
1016	1510594142214	-1.881	-11.47	9.892	run40hz
1017	1510594142218	-2.235	-12.157	9.082	run40hz
1018	1510594142223	-2.702	-12.641	8.035	run40hz
1019	1510594142229	-3.111	-12.843	6.897	run40hz
1020	1510594142234	-3.283	-12.937	5.909	run40hz
1021	1510594142239	-3.128	-13.067	5.114	run40hz
1022	1510594142244	-2.802	-13.434	4.666	run40hz
1023	1510594142249	-2.544	-14.038	4.573	run40hz
1024	1510594142254	-2.342	-14.408	4.519	run40hz
1025	1510594142259	-2.13	-14.73	4.561	run40hz
1026	1510594142264	-1.739	-15.408	4.734	run40hz
1027	1510594142269	-2.245	-16.952	4.774	run40hz
1028	1510594142274	-3.403	-19.458	4.41	run40hz
1029	1510594142279	-4.77	-19.566	3.376	run40hz
1030	1510594142284	-6.29	-19.566	2.089	run40hz
1031	1510594142289	-7.447	-19.566	0.793	run40hz
1032	1510594142294	-7.53	-19.566	-0.181	run40hz
1033	1510594142299	-6.662	-19.566	-0.636	run40hz
1034	1510594142304	-4.683	-19.566	-0.646	run40hz
1035	1510594142309	-2.781	-19.566	-0.461	run40hz
1036	1510594142314	-1.452	-19.566	-0.324	run40hz
1037	1510594142319	-0.679	-19.566	-0.411	run40hz
1038	1510594142325	-0.199	-19.566	-0.845	run40hz
1039	1510594142330	0.335	-19.566	-1.272	run40hz
1040	1510594142335	1.238	-19.566	-1.68	run40hz
1041	1510594142340	2.75	-19.566	-2.169	run40hz
1042	1510594142345	4.527	-19.566	-2.681	run40hz
1043	1510594142350	6.25	-19.566	-3.161	run40hz
1044	1510594142355	7.611	-19.566	-3.598	run40hz
1045	1510594142360	8.355	-19.566	-3.959	run40hz
1046	1510594142365	8.11	-19.566	-4.029	run40hz
1047	1510594142370	6.701	-19.566	-4.242	run40hz
1048	1510594142375	4.515	-19.566	-5.139	run40hz
1049	1510594142380	2.393	-19.566	-6.448	run40hz
1050	1510594142385	0.853	-19.566	-8.179	run40hz
1051	1510594142390	-0.014	-19.566	-10.383	run40hz
1052	1510594142395	-0.205	-19.566	-12.673	run40hz
1053	1510594142400	-0.047	-19.566	-14.715	run40hz
1054	1510594142405	0.183	-19.566	-16.193	run40hz
1055	1510594142410	0.366	-19.566	-17.081	run40hz
1056	1510594142415	0.463	-18.82	-17.428	run40hz
1057	1510594142420	0.408	-18.72	-17.267	run40hz
1058	1510594142426	0.305	-18.828	-16.89	run40hz
1059	1510594142431	0.089	-18.345	-16.66	run40hz
1060	1510594142436	-0.187	-17.152	-16.6	run40hz
1061	1510594142441	-0.476	-15.717	-16.505	run40hz
1062	1510594142446	-0.652	-14.371	-16.222	run40hz
1063	1510594142451	-0.542	-13.111	-15.662	run40hz
1064	1510594142456	0.139	-12.16	-14.676	run40hz
1065	1510594142461	1.304	-11.637	-13.471	run40hz
1066	1510594142466	2.659	-11.397	-12.137	run40hz
1067	1510594142471	4.008	-11.402	-10.751	run40hz
1068	1510594142476	5.047	-12.058	-9.214	run40hz
1069	1510594142481	5.889	-12.986	-7.815	run40hz
1070	1510594142486	6.624	-13.59	-6.706	run40hz
1071	1510594142491	7.18	-13.608	-5.981	run40hz
1072	1510594142496	14.508	9.612	-11.607	run40hz
1073	1510594142501	6.026	-1.375	-15.649	run40hz
1074	1510594142506	13.088	19.66	-15.504	run40hz
1075	1510594142511	7.895	10.272	1.251	run40hz
1076	1510594142516	0.655	-6.644	16.147	run40hz
1077	1510594142521	-1.735	-19.566	19.294	run40hz
1078	1510594142527	-1.92	-19.566	19.294	run40hz
1079	1510594142532	-2.944	-19.566	15.93	run40hz
1080	1510594142537	-5.26	-19.566	8.322	run40hz
1081	1510594142542	-6.408	-17.585	3.826	run40hz
1082	1510594142547	-7.512	-18.148	1.71	run40hz
1083	1510594142552	-6.964	-17.676	1.12	run40hz
1084	1510594142557	-10.832	-19.566	2.84	run40hz
1085	1510594142562	-19.707	-19.566	19.294	run40hz
1086	1510594142567	-11.384	-19.566	13.575	run40hz
1087	1510594142572	15.978	-12.775	-4.89	run40hz
1088	1510594142577	19.519	-15.655	2.032	run40hz
1089	1510594142582	16.129	-12.253	-0.195	run40hz
1090	1510594142587	-0.271	-10.387	-0.639	run40hz
1091	1510594142592	-11.364	-6.534	1.144	run40hz
1092	1510594142597	-9.628	-5.419	3.022	run40hz
1093	1510594142602	-1.89	-7.69	3.982	run40hz
1094	1510594142607	2.475	-8.952	5.621	run40hz
1095	1510594142612	1.498	-8.082	7.03	run40hz
1096	1510594142617	-1.402	-7.298	8.332	run40hz
1097	1510594142623	-3.001	-6.868	9.306	run40hz
1098	1510594142628	-2.49	-7.133	9.979	run40hz
1099	1510594142633	-1.15	-7.503	10.137	run40hz
1100	1510594142638	-0.211	-7.515	9.821	run40hz
1101	1510594142643	-0.691	-7.237	8.784	run40hz
1102	1510594142648	-1.141	-7.219	7.509	run40hz
1103	1510594142653	-0.819	-7.53	6.325	run40hz
1104	1510594142658	-0.5	-7.776	5.321	run40hz
1105	1510594142663	-0.733	-7.703	4.57	run40hz
1106	1510594142668	-1.151	-7.513	4.146	run40hz
1107	1510594142673	-1.36	-7.453	3.949	run40hz
1108	1510594142678	-1.349	-7.531	4.029	run40hz
1109	1510594142683	-1.24	-7.63	4.33	run40hz
1110	1510594142688	-1.137	-7.715	4.794	run40hz
1111	1510594142693	-1.052	-7.683	5.369	run40hz
1112	1510594142698	-1.053	-7.618	6.031	run40hz
1113	1510594142703	-1.293	-7.524	6.648	run40hz
1114	1510594142708	-1.584	-7.356	7.174	run40hz
1115	1510594142713	-1.755	-7.208	7.52	run40hz
1116	1510594142718	-1.821	-7.155	7.543	run40hz
1117	1510594142723	-1.885	-7.101	7.303	run40hz
1118	1510594142728	-1.858	-7.109	6.862	run40hz
1119	1510594142734	-1.755	-7.204	6.348	run40hz
1120	1510594142739	-1.714	-7.285	5.861	run40hz
1121	1510594142744	-1.692	-7.296	5.508	run40hz
1122	1510594142749	-1.641	-7.312	5.279	run40hz
1123	1510594142754	-1.479	-7.433	5.254	run40hz
1124	1510594142759	-1.248	-7.504	5.356	run40hz
1125	1510594142764	-1.163	-7.429	5.609	run40hz
1126	1510594142769	-1.268	-7.291	5.939	run40hz
1127	1510594142774	-1.391	-7.203	6.262	run40hz
1128	1510594142779	-1.359	-7.139	6.539	run40hz
1129	1510594142784	-1.238	-7.084	6.756	run40hz
1130	1510594142789	-1.158	-6.999	6.909	run40hz
1131	1510594142794	-1.2	-6.929	6.923	run40hz
1132	1510594142799	-1.387	-6.875	6.728	run40hz
1133	1510594142804	-1.694	-6.923	6.551	run40hz
1134	1510594142809	-1.693	-7.003	6.301	run40hz
1135	1510594142814	-1.472	-7.062	6.113	run40hz
1136	1510594142819	-1.359	-7.112	5.986	run40hz
1137	1510594142824	-1.462	-7.118	5.953	run40hz
1138	1510594142829	-1.599	-7.165	5.948	run40hz
1139	1510594142835	-1.559	-7.232	6.044	run40hz
1140	1510594142840	-1.448	-7.194	6.171	run40hz
1141	1510594142845	-1.566	-7.182	6.314	run40hz
1142	1510594142850	-1.697	-7.153	6.374	run40hz
1143	1510594142855	-1.591	-7.145	6.365	run40hz
1144	1510594142860	-1.305	-7.192	6.364	run40hz
1145	1510594142865	-1.134	-7.232	6.347	run40hz
1146	1510594142870	-1.141	-7.214	6.281	run40hz
1147	1510594142875	-1.219	-7.202	6.244	run40hz
1148	1510594142880	-1.356	-7.159	6.226	run40hz
1149	1510594142885	-1.515	-7.103	6.237	run40hz
1150	1510594142890	-1.511	-7.073	6.24	run40hz
1151	1510594142895	-1.363	-7.2	6.322	run40hz
1152	1510594142900	-1.292	-7.236	6.315	run40hz
1153	1510594142905	-1.32	-7.364	6.352	run40hz
1154	1510594142910	-1.282	-7.354	6.267	run40hz
1155	1510594142915	-1.286	-7.476	6.197	run40hz
1156	1510594142920	-1.302	-7.432	6.174	run40hz
1157	1510594142925	-1.262	-7.439	6.131	run40hz
1158	1510594142930	-1.269	-7.446	6.07	run40hz
1159	1510594142935	-1.477	-7.394	6.034	run40hz
1160	1510594142940	-1.55	-7.346	6	run40hz
1161	1510594142945	-1.611	-7.347	6.039	run40hz
1162	1510594142950	-1.648	-7.22	6.086	run40hz
1163	1510594142955	-1.593	-7.04	6.141	run40hz
1164	1510594142961	-1.637	-6.974	6.225	run40hz
1165	1510594142965	-1.816	-6.848	6.274	run40hz
1166	1510594142971	-1.806	-6.913	6.34	run40hz
1167	1510594142976	-1.469	-7.084	6.424	run40hz
1168	1510594142981	-1.114	-7.218	6.505	run40hz
1169	1510594142986	-0.967	-7.199	6.467	run40hz
1170	1510594142991	-1.041	-7.115	6.444	run40hz
1171	1510594142996	-1.182	-7.006	6.395	run40hz
1172	1510594143002	-1.319	-6.954	6.328	run40hz
1173	1510594143006	-1.349	-6.914	6.293	run40hz
1174	1510594143011	-1.194	-6.971	6.291	run40hz
1175	1510594143016	-1.003	-7.082	6.349	run40hz
1176	1510594143021	-0.894	-7.1	6.417	run40hz
1177	1510594143026	-0.976	-7.122	6.399	run40hz
1178	1510594143031	-1.249	-7.099	6.391	run40hz
1179	1510594143036	-1.485	-7.106	6.38	run40hz
1180	1510594143041	-1.461	-7.174	6.311	run40hz
1181	1510594143046	-1.205	-7.296	6.284	run40hz
1182	1510594143051	-1.025	-7.364	6.241	run40hz
1183	1510594143063	-1.208	-7.323	6.167	run40hz
1184	1510594143064	-1.547	-7.184	6.163	run40hz
1185	1510594143070	-1.699	-7.059	6.194	run40hz
1186	1510594143073	-1.563	-6.995	6.252	run40hz
1187	1510594143077	-1.279	-6.986	6.322	run40hz
1188	1510594143082	-1.162	-6.98	6.426	run40hz
1189	1510594143087	-1.193	-6.938	6.486	run40hz
1190	1510594143092	-1.233	-6.96	6.56	run40hz
1191	1510594143097	-1.148	-7.019	6.591	run40hz
1192	1510594143102	-1.04	-7.074	6.573	run40hz
1193	1510594143107	-1.047	-7.132	6.494	run40hz
1194	1510594143112	-1.077	-7.172	6.416	run40hz
1195	1510594143117	-1.083	-7.188	6.335	run40hz
1196	1510594143123	-1.077	-7.243	6.254	run40hz
1197	1510594143128	-1.114	-7.246	6.206	run40hz
1198	1510594143133	-1.205	-7.267	6.158	run40hz
1199	1510594143138	-1.221	-7.259	6.191	run40hz
1200	1510594143143	-1.24	-7.236	6.239	run40hz
1201	1510594143148	-1.337	-7.215	6.313	run40hz
1202	1510594143153	-1.52	-7.187	6.373	run40hz
1203	1510594143158	-1.577	-7.294	6.389	run40hz
1204	1510594143163	-1.479	-7.323	6.305	run40hz
1205	1510594143168	-1.369	-7.296	6.293	run40hz
1206	1510594143173	-1.356	-7.285	6.207	run40hz
1207	1510594143178	-1.408	-7.282	6.124	run40hz
1208	1510594143183	-1.459	-7.268	6.073	run40hz
1209	1510594143188	-1.469	-7.276	6.1	run40hz
1210	1510594143193	-1.372	-7.23	6.12	run40hz
1211	1510594143198	-1.281	-7.094	6.186	run40hz
1212	1510594143204	-1.249	-6.991	6.296	run40hz
1213	1510594143209	-1.277	-6.911	6.379	run40hz
1214	1510594143214	-1.303	-6.905	6.524	run40hz
1215	1510594143219	-1.33	-6.977	6.563	run40hz
1216	1510594143223	-1.33	-6.993	6.567	run40hz
1217	1510594143229	-1.31	-7.024	6.547	run40hz
1218	1510594143234	-1.298	-7.006	6.49	run40hz
1219	1510594143239	-1.28	-7.105	6.401	run40hz
1220	1510594143244	-1.245	-7.12	6.316	run40hz
1221	1510594143249	-1.23	-7.175	6.217	run40hz
1222	1510594143254	-1.241	-7.156	6.183	run40hz
1223	1510594143259	-1.314	-7.133	6.218	run40hz
1224	1510594143264	-1.392	-7.109	6.25	run40hz
1225	1510594143269	-1.384	-7.084	6.349	run40hz
1226	1510594143274	-1.381	-7.09	6.368	run40hz
1227	1510594143279	-1.312	-7.1	6.423	run40hz
1228	1510594143284	-1.303	-7.109	6.432	run40hz
1229	1510594143289	-1.336	-7.185	6.441	run40hz
1230	1510594143295	-1.318	-7.195	6.381	run40hz
1231	1510594143299	-1.215	-7.235	6.307	run40hz
1232	1510594143305	-1.151	-7.207	6.275	run40hz
1233	1510594143310	-1.2	-7.182	6.274	run40hz
1234	1510594143315	-1.353	-7.093	6.258	run40hz
1235	1510594143320	-1.476	-7.134	6.268	run40hz
1236	1510594143325	-1.279	-7.147	6.292	run40hz
1237	1510594143330	-1.15	-7.164	6.346	run40hz
1238	1510594143335	-1.116	-7.141	6.39	run40hz
1239	1510594143340	-1.177	-7.087	6.381	run40hz
1240	1510594143345	-1.244	-7.106	6.386	run40hz
1241	1510594143350	-1.304	-7.108	6.396	run40hz
1242	1510594143355	-1.339	-7.114	6.375	run40hz
1243	1510594143360	-1.388	-7.112	6.325	run40hz
1244	1510594143365	-1.347	-7.103	6.335	run40hz
1245	1510594143370	-1.265	-7.108	6.319	run40hz
1246	1510594143375	-1.174	-7.094	6.36	run40hz
1247	1510594143380	-1.103	-7.098	6.395	run40hz
1248	1510594143385	-1.125	-7.091	6.39	run40hz
1249	1510594143390	-1.19	-7.144	6.41	run40hz
1250	1510594143395	-1.335	-7.123	6.384	run40hz
1251	1510594143400	-1.442	-7.099	6.387	run40hz
1252	1510594143405	-1.437	-7.065	6.391	run40hz
1253	1510594143411	-1.284	-7.117	6.338	run40hz
1254	1510594143416	-1.21	-7.025	6.354	run40hz
1255	1510594143421	-1.268	-7.017	6.371	run40hz
1256	1510594143426	-1.296	-7.026	6.374	run40hz
1257	1510594143431	-1.356	-7.005	6.385	run40hz
1258	1510594143436	-1.388	-7.041	6.404	run40hz
1259	1510594143441	-1.387	-7.017	6.404	run40hz
1260	1510594143446	-1.33	-7.038	6.416	run40hz
1261	1510594143451	-1.253	-7.033	6.422	run40hz
1262	1510594143456	-1.165	-7.075	6.423	run40hz
1263	1510594143461	-1.15	-7.109	6.402	run40hz
1264	1510594143466	-1.211	-7.087	6.362	run40hz
1265	1510594143471	-1.234	-7.074	6.383	run40hz
1266	1510594143476	-1.255	-7.02	6.398	run40hz
1267	1510594143481	-1.214	-7.014	6.423	run40hz
1268	1510594143486	-1.205	-7.026	6.423	run40hz
1269	1510594143491	-1.287	-7.045	6.454	run40hz
1270	1510594143496	-1.329	-7.047	6.453	run40hz
1271	1510594143501	-1.323	-7.086	6.427	run40hz
1272	1510594143507	-1.304	-7.018	6.389	run40hz
1273	1510594143512	-1.341	-6.983	6.398	run40hz
1274	1510594143517	-1.351	-6.996	6.393	run40hz
1275	1510594143522	-1.349	-7.039	6.378	run40hz
1276	1510594143527	-1.331	-7.065	6.401	run40hz
1277	1510594143532	-1.356	-7.098	6.401	run40hz
1278	1510594143537	-1.377	-7.103	6.388	run40hz
1279	1510594143542	-1.35	-7.079	6.389	run40hz
1280	1510594143547	-1.327	-7.104	6.378	run40hz
1281	1510594143552	-1.351	-7.162	6.343	run40hz
1282	1510594143557	-1.368	-7.261	4.804	run40hz
1283	1510594143562	-1.297	-7.318	5.045	run40hz
1284	1510594143568	-1.512	-7.246	7.469	run40hz
1285	1510594143572	-1.298	-6.455	8.113	run40hz
1286	1510594143577	-0.924	-7.124	6.699	run40hz
1287	1510594143582	-1.293	-7.191	6.228	run40hz
1288	1510594143587	-1.475	-7.057	6.552	run40hz
1289	1510594143592	-1.241	-7.045	6.515	run40hz
1290	1510594143597	-1.191	-7.033	6.505	run40hz
1291	1510594143602	-1.26	-6.995	6.577	run40hz
1292	1510594143607	-1.276	-7.059	6.536	run40hz
1293	1510594143612	-1.245	-7.109	6.469	run40hz
1294	1510594143617	-1.27	-7.123	6.465	run40hz
1295	1510594143622	-1.292	-7.058	6.522	run40hz
1296	1510594143627	-1.293	-7.097	6.592	run40hz
1297	1510594143632	-1.355	-7.053	6.373	run40hz
1298	1510594143637	-1.353	-7.109	6.135	run40hz
1299	1510594143642	-1.287	-7.105	6.038	run40hz
1300	1510594143647	-1.237	-7.138	6.015	run40hz
1301	1510594143652	-1.242	-7.114	6.116	run40hz
1302	1510594143658	-1.265	-7.139	6.235	run40hz
