1	1510593936665	-0.967	-7.018	6.35	slowkick3)40hz
2	1510593936667	-0.967	-7.018	6.35	slowkick3)40hz
3	1510593936668	-0.967	-7.018	6.35	slowkick3)40hz
4	1510593936669	-0.967	-7.018	6.35	slowkick3)40hz
5	1510593936671	-0.967	-7.018	6.35	slowkick3)40hz
6	1510593936673	-0.967	-7.018	6.35	slowkick3)40hz
7	1510593936674	-0.967	-7.018	6.35	slowkick3)40hz
8	1510593936675	-0.967	-7.018	6.35	slowkick3)40hz
9	1510593936676	-0.967	-7.018	6.35	slowkick3)40hz
10	1510593936677	-0.967	-7.018	6.35	slowkick3)40hz
11	1510593936678	-0.967	-7.018	6.35	slowkick3)40hz
12	1510593936679	-1.034	-7.057	6.51	slowkick3)40hz
13	1510593936680	-1.051	-7.073	6.578	slowkick3)40hz
14	1510593936681	-1.08	-7.085	6.604	slowkick3)40hz
15	1510593936682	-1.07	-7.062	6.561	slowkick3)40hz
16	1510593936683	-1.095	-7.058	6.528	slowkick3)40hz
17	1510593936684	-1.092	-7.068	6.548	slowkick3)40hz
18	1510593936685	-1.061	-7.076	6.552	slowkick3)40hz
19	1510593936686	-1.043	-7.074	6.559	slowkick3)40hz
20	1510593936688	-1.039	-7.074	6.602	slowkick3)40hz
21	1510593936689	-1.044	-7.09	6.567	slowkick3)40hz
22	1510593936690	-1.036	-7.064	6.565	slowkick3)40hz
23	1510593936691	-1.059	-7.063	6.602	slowkick3)40hz
24	1510593936693	-1.089	-7.063	6.595	slowkick3)40hz
25	1510593936697	-1.073	-7.048	6.592	slowkick3)40hz
26	1510593936702	-1.086	-7.065	6.539	slowkick3)40hz
27	1510593936707	-1.086	-7.073	6.531	slowkick3)40hz
28	1510593936712	-1.066	-7.067	6.544	slowkick3)40hz
29	1510593936717	-1.049	-7.091	6.57	slowkick3)40hz
30	1510593936722	-1.068	-7.093	6.564	slowkick3)40hz
31	1510593936727	-1.071	-7.078	6.544	slowkick3)40hz
32	1510593936732	-1.067	-7.081	6.578	slowkick3)40hz
33	1510593936737	-1.052	-7.078	6.57	slowkick3)40hz
34	1510593936743	-1.059	-7.066	6.566	slowkick3)40hz
35	1510593936747	-1.077	-7.073	6.579	slowkick3)40hz
36	1510593936752	-1.066	-7.096	6.591	slowkick3)40hz
37	1510593936757	-1.055	-7.062	6.567	slowkick3)40hz
38	1510593936763	-1.044	-7.068	6.599	slowkick3)40hz
39	1510593936767	-1.061	-7.077	6.58	slowkick3)40hz
40	1510593936772	-1.071	-7.07	6.538	slowkick3)40hz
41	1510593936778	-1.058	-7.061	6.593	slowkick3)40hz
42	1510593936783	-1.054	-7.056	6.579	slowkick3)40hz
43	1510593936788	-1.021	-7.046	6.576	slowkick3)40hz
44	1510593936793	-1.014	-7.076	6.592	slowkick3)40hz
45	1510593936798	-1.063	-7.065	6.604	slowkick3)40hz
46	1510593936803	-1.075	-7.055	6.577	slowkick3)40hz
47	1510593936808	-1.062	-7.051	6.558	slowkick3)40hz
48	1510593936813	-1.083	-7.061	6.534	slowkick3)40hz
49	1510593936818	-1.113	-7.055	6.567	slowkick3)40hz
50	1510593936823	-1.134	-7.055	6.571	slowkick3)40hz
51	1510593936828	-1.078	-7.073	6.556	slowkick3)40hz
52	1510593936833	-1.017	-7.069	6.583	slowkick3)40hz
53	1510593936839	-1.034	-7.059	6.593	slowkick3)40hz
54	1510593936844	-1.039	-7.067	6.588	slowkick3)40hz
55	1510593936849	-1.046	-7.084	6.577	slowkick3)40hz
56	1510593936854	-1.057	-7.073	6.606	slowkick3)40hz
57	1510593936859	-1.055	-7.076	6.598	slowkick3)40hz
58	1510593936865	-1.057	-7.094	6.573	slowkick3)40hz
59	1510593936869	-1.078	-7.061	6.6	slowkick3)40hz
60	1510593936874	-1.078	-7.052	6.577	slowkick3)40hz
61	1510593936879	-1.042	-7.061	6.564	slowkick3)40hz
62	1510593936884	-1.054	-7.061	6.561	slowkick3)40hz
63	1510593936889	-1.074	-7.062	6.595	slowkick3)40hz
64	1510593936894	-1.071	-7.051	6.58	slowkick3)40hz
65	1510593936899	-1.063	-7.068	6.561	slowkick3)40hz
66	1510593936904	-1.084	-7.075	6.535	slowkick3)40hz
67	1510593936909	-1.091	-7.076	6.553	slowkick3)40hz
68	1510593936914	-1.048	-7.078	6.574	slowkick3)40hz
69	1510593936919	-1.052	-7.066	6.573	slowkick3)40hz
70	1510593936924	-1.066	-7.082	6.551	slowkick3)40hz
71	1510593936929	-1.045	-7.093	6.577	slowkick3)40hz
72	1510593936934	-1.043	-7.074	6.596	slowkick3)40hz
73	1510593936939	-1.07	-7.072	6.581	slowkick3)40hz
74	1510593936944	-1.056	-7.074	6.58	slowkick3)40hz
75	1510593936949	-1.08	-7.06	6.561	slowkick3)40hz
76	1510593936954	-1.089	-7.055	6.551	slowkick3)40hz
77	1510593936959	-1.071	-7.057	6.568	slowkick3)40hz
78	1510593936964	-1.04	-7.081	6.57	slowkick3)40hz
79	1510593936969	-1.035	-7.053	6.549	slowkick3)40hz
80	1510593936975	-1.056	-7.054	6.573	slowkick3)40hz
81	1510593936980	-1.08	-7.063	6.567	slowkick3)40hz
82	1510593936985	-1.075	-7.079	6.556	slowkick3)40hz
83	1510593936990	-1.114	-7.078	6.537	slowkick3)40hz
84	1510593936995	-1.086	-7.084	6.55	slowkick3)40hz
85	1510593937000	-1.032	-7.073	6.565	slowkick3)40hz
86	1510593937005	-1.02	-7.075	6.599	slowkick3)40hz
87	1510593937010	-1.02	-7.095	6.587	slowkick3)40hz
88	1510593937015	-1.052	-7.084	6.568	slowkick3)40hz
89	1510593937020	-1.059	-7.048	6.535	slowkick3)40hz
90	1510593937025	-1.05	-7.054	6.565	slowkick3)40hz
91	1510593937030	-1.08	-7.052	6.564	slowkick3)40hz
92	1510593937035	-1.049	-7.053	6.561	slowkick3)40hz
93	1510593937041	-1.049	-7.07	6.558	slowkick3)40hz
94	1510593937045	-1.034	-7.073	6.583	slowkick3)40hz
95	1510593937050	-1.068	-7.06	6.568	slowkick3)40hz
96	1510593937055	-1.081	-7.056	6.594	slowkick3)40hz
97	1510593937060	-1.087	-7.088	6.589	slowkick3)40hz
98	1510593937065	-1.082	-7.067	6.547	slowkick3)40hz
99	1510593937070	-1.099	-7.059	6.565	slowkick3)40hz
100	1510593937075	-1.054	-7.085	6.577	slowkick3)40hz
101	1510593937080	-1.068	-7.061	6.598	slowkick3)40hz
102	1510593937085	-1.049	-7.049	6.588	slowkick3)40hz
103	1510593937090	-1.049	-7.056	6.583	slowkick3)40hz
104	1510593937095	-1.062	-7.041	6.617	slowkick3)40hz
105	1510593937100	-1.054	-7.055	6.591	slowkick3)40hz
106	1510593937105	-1.092	-7.049	6.549	slowkick3)40hz
107	1510593937110	-1.096	-7.073	6.557	slowkick3)40hz
108	1510593937116	-1.11	-7.062	6.551	slowkick3)40hz
109	1510593937121	-1.049	-7.061	6.553	slowkick3)40hz
110	1510593937126	-1.033	-7.068	6.601	slowkick3)40hz
111	1510593937131	-1.057	-7.06	6.608	slowkick3)40hz
112	1510593937136	-1.058	-7.055	6.575	slowkick3)40hz
113	1510593937141	-1.031	-7.055	6.596	slowkick3)40hz
114	1510593937146	-1.053	-7.055	6.577	slowkick3)40hz
115	1510593937151	-1.059	-7.061	6.581	slowkick3)40hz
116	1510593937156	-1.086	-7.048	6.577	slowkick3)40hz
117	1510593937161	-1.093	-7.054	6.595	slowkick3)40hz
118	1510593937166	-1.083	-7.044	6.569	slowkick3)40hz
119	1510593937171	-1.053	-7.064	6.587	slowkick3)40hz
120	1510593937176	-1.043	-7.042	6.562	slowkick3)40hz
121	1510593937181	-1.031	-7.053	6.605	slowkick3)40hz
122	1510593937186	-1.059	-7.037	6.58	slowkick3)40hz
123	1510593937191	-1.057	-7.046	6.594	slowkick3)40hz
124	1510593937196	-1.077	-7.051	6.57	slowkick3)40hz
125	1510593937201	-1.073	-7.066	6.57	slowkick3)40hz
126	1510593937206	-1.075	-7.06	6.573	slowkick3)40hz
127	1510593937211	-1.105	-7.051	6.555	slowkick3)40hz
128	1510593937216	-1.087	-7.059	6.54	slowkick3)40hz
129	1510593937221	-1.079	-7.062	6.526	slowkick3)40hz
130	1510593937226	-1.045	-7.055	6.6	slowkick3)40hz
131	1510593937231	-1.024	-7.063	6.598	slowkick3)40hz
132	1510593937236	-1.033	-7.059	6.59	slowkick3)40hz
133	1510593937241	-1.032	-7.097	6.552	slowkick3)40hz
134	1510593937246	-1.047	-7.061	6.587	slowkick3)40hz
135	1510593937251	-1.072	-7.058	6.587	slowkick3)40hz
136	1510593937256	-1.09	-7.056	6.571	slowkick3)40hz
137	1510593937261	-1.077	-7.067	6.565	slowkick3)40hz
138	1510593937266	-1.077	-7.07	6.576	slowkick3)40hz
139	1510593937271	-1.069	-7.057	6.584	slowkick3)40hz
140	1510593937277	-1.093	-7.068	6.555	slowkick3)40hz
141	1510593937282	-1.071	-7.067	6.561	slowkick3)40hz
142	1510593937287	-1.08	-7.063	6.583	slowkick3)40hz
143	1510593937292	-1.058	-7.043	6.574	slowkick3)40hz
144	1510593937297	-1.065	-7.039	6.557	slowkick3)40hz
145	1510593937302	-1.066	-7.073	6.557	slowkick3)40hz
146	1510593937307	-1.072	-7.082	6.568	slowkick3)40hz
147	1510593937312	-1.084	-7.057	6.566	slowkick3)40hz
148	1510593937317	-1.07	-7.068	6.561	slowkick3)40hz
149	1510593937322	-1.057	-7.073	6.607	slowkick3)40hz
150	1510593937327	-1.063	-7.038	6.602	slowkick3)40hz
151	1510593937332	-1.056	-7.036	6.593	slowkick3)40hz
152	1510593937337	-1.056	-7.038	6.582	slowkick3)40hz
153	1510593937342	-1.084	-7.027	6.598	slowkick3)40hz
154	1510593937347	-1.081	-7.045	6.579	slowkick3)40hz
155	1510593937352	-1.086	-7.047	6.575	slowkick3)40hz
156	1510593937357	-1.06	-7.02	6.585	slowkick3)40hz
157	1510593937362	-1.071	-7.033	6.588	slowkick3)40hz
158	1510593937368	-1.075	-7.027	6.579	slowkick3)40hz
159	1510593937372	-1.072	-7.033	6.571	slowkick3)40hz
160	1510593937377	-1.047	-7.02	6.606	slowkick3)40hz
161	1510593937382	-1.054	-7.029	6.599	slowkick3)40hz
162	1510593937387	-1.046	-7.046	6.559	slowkick3)40hz
163	1510593937392	-1.035	-7.046	6.605	slowkick3)40hz
164	1510593937397	-1.029	-7.04	6.598	slowkick3)40hz
165	1510593937402	-1.017	-7.045	6.596	slowkick3)40hz
166	1510593937407	-1.005	-7.045	6.599	slowkick3)40hz
167	1510593937412	-0.998	-7.043	6.589	slowkick3)40hz
168	1510593937417	-1.02	-7.042	6.596	slowkick3)40hz
169	1510593937422	-0.986	-7.027	6.623	slowkick3)40hz
170	1510593937427	-0.984	-7.035	6.67	slowkick3)40hz
171	1510593937432	-0.996	-7.031	6.643	slowkick3)40hz
172	1510593937438	-1.019	-7.023	6.622	slowkick3)40hz
173	1510593937443	-1.028	-7.013	6.61	slowkick3)40hz
174	1510593937448	-1.046	-7.039	6.613	slowkick3)40hz
175	1510593937453	-1.044	-7.039	6.597	slowkick3)40hz
176	1510593937458	-1.038	-7.045	6.602	slowkick3)40hz
177	1510593937463	-1.021	-7.024	6.605	slowkick3)40hz
178	1510593937468	-1.044	-7.039	6.593	slowkick3)40hz
179	1510593937473	-1.052	-7.045	6.586	slowkick3)40hz
180	1510593937478	-1.057	-7.04	6.582	slowkick3)40hz
181	1510593937483	-1.09	-7.017	6.605	slowkick3)40hz
182	1510593937488	-1.095	-7.051	6.59	slowkick3)40hz
183	1510593937493	-1.066	-7.056	6.586	slowkick3)40hz
184	1510593937498	-1.037	-7.047	6.58	slowkick3)40hz
185	1510593937503	-1.053	-7.048	6.587	slowkick3)40hz
186	1510593937508	-1.06	-7.034	6.591	slowkick3)40hz
187	1510593937514	-1.067	-7.03	6.611	slowkick3)40hz
188	1510593937519	-1.055	-7.037	6.596	slowkick3)40hz
189	1510593937523	-1.052	-7.066	6.541	slowkick3)40hz
190	1510593937529	-1.087	-7.042	6.539	slowkick3)40hz
191	1510593937534	-1.02	-7.044	6.579	slowkick3)40hz
192	1510593937539	-0.926	-7.049	6.607	slowkick3)40hz
193	1510593937544	-0.937	-7.038	6.594	slowkick3)40hz
194	1510593937549	-0.992	-7.022	6.577	slowkick3)40hz
195	1510593937554	-1.016	-7.02	6.585	slowkick3)40hz
196	1510593937559	-1.008	-7.026	6.54	slowkick3)40hz
197	1510593937564	-1.012	-7.056	6.579	slowkick3)40hz
198	1510593937569	-1.017	-7.049	6.581	slowkick3)40hz
199	1510593937574	-1.057	-7.021	6.634	slowkick3)40hz
200	1510593937579	-1.122	-6.997	6.631	slowkick3)40hz
201	1510593937584	-1.161	-6.992	6.58	slowkick3)40hz
202	1510593937589	-1.193	-6.987	6.563	slowkick3)40hz
203	1510593937594	-1.147	-7.03	6.584	slowkick3)40hz
204	1510593937599	-1.089	-7.052	6.608	slowkick3)40hz
205	1510593937604	-1.065	-7.033	6.619	slowkick3)40hz
206	1510593937609	-1.038	-7.012	6.653	slowkick3)40hz
207	1510593937614	-1.029	-7.046	6.654	slowkick3)40hz
208	1510593937620	-1.032	-7.012	6.667	slowkick3)40hz
209	1510593937624	-0.996	-7.027	6.61	slowkick3)40hz
210	1510593937629	-1.021	-7.063	6.628	slowkick3)40hz
211	1510593937634	-1.041	-7.068	6.668	slowkick3)40hz
212	1510593937639	-1.04	-7.054	6.623	slowkick3)40hz
213	1510593937644	-1.048	-7.05	6.614	slowkick3)40hz
214	1510593937649	-1.069	-7.015	6.619	slowkick3)40hz
215	1510593937655	-1.059	-7.044	6.619	slowkick3)40hz
216	1510593937660	-1.02	-7.049	6.62	slowkick3)40hz
217	1510593937665	-1.019	-7.038	6.638	slowkick3)40hz
218	1510593937670	-1.013	-7.05	6.614	slowkick3)40hz
219	1510593937675	-1.029	-7.056	6.632	slowkick3)40hz
220	1510593937680	-1.035	-7.036	6.615	slowkick3)40hz
221	1510593937685	-1.035	-7.054	6.585	slowkick3)40hz
222	1510593937690	-1.028	-7.051	6.607	slowkick3)40hz
223	1510593937695	-1.046	-7.025	6.61	slowkick3)40hz
224	1510593937700	-1.063	-7.025	6.617	slowkick3)40hz
225	1510593937705	-1.081	-7.054	6.625	slowkick3)40hz
226	1510593937710	-1.081	-7.052	6.635	slowkick3)40hz
227	1510593937715	-1.074	-7.027	6.623	slowkick3)40hz
228	1510593937720	-1.059	-7.029	6.617	slowkick3)40hz
229	1510593937725	-1.072	-6.997	6.631	slowkick3)40hz
230	1510593937730	-1.065	-7.008	6.614	slowkick3)40hz
231	1510593937735	-1.084	-7.024	6.616	slowkick3)40hz
232	1510593937740	-1.08	-7.019	6.579	slowkick3)40hz
233	1510593937745	-1.071	-7.06	6.586	slowkick3)40hz
234	1510593937750	-1.065	-7.067	6.604	slowkick3)40hz
235	1510593937755	-1.071	-7.064	6.65	slowkick3)40hz
236	1510593937760	-1.09	-7.043	6.626	slowkick3)40hz
237	1510593937765	-1.096	-7.042	6.626	slowkick3)40hz
238	1510593937770	-1.107	-7.022	6.59	slowkick3)40hz
239	1510593937776	-1.109	-7.037	6.562	slowkick3)40hz
240	1510593937780	-1.125	-7.029	6.586	slowkick3)40hz
241	1510593937786	-1.096	-7.054	6.595	slowkick3)40hz
242	1510593937791	-1.053	-7.037	6.616	slowkick3)40hz
243	1510593937796	-1.048	-7.034	6.641	slowkick3)40hz
244	1510593937801	-1.054	-7.043	6.616	slowkick3)40hz
245	1510593937806	-1.053	-7.043	6.635	slowkick3)40hz
246	1510593937811	-1.069	-7.043	6.611	slowkick3)40hz
247	1510593937816	-1.061	-7.039	6.622	slowkick3)40hz
248	1510593937821	-1.024	-7.034	6.623	slowkick3)40hz
249	1510593937826	-1.008	-7.03	6.64	slowkick3)40hz
250	1510593937831	-0.973	-7.01	6.65	slowkick3)40hz
251	1510593937836	-0.977	-6.981	6.661	slowkick3)40hz
252	1510593937841	-1.011	-6.985	6.614	slowkick3)40hz
253	1510593937846	-1.001	-7.017	6.64	slowkick3)40hz
254	1510593937851	-1.011	-7.012	6.617	slowkick3)40hz
255	1510593937856	-1.053	-7.023	6.631	slowkick3)40hz
256	1510593937861	-1.052	-6.995	6.664	slowkick3)40hz
257	1510593937866	-0.998	-7.015	6.668	slowkick3)40hz
258	1510593937871	-0.998	-7.025	6.656	slowkick3)40hz
259	1510593937876	-0.992	-7.039	6.626	slowkick3)40hz
260	1510593937881	-0.998	-7.04	6.571	slowkick3)40hz
261	1510593937886	-1.007	-7.058	6.574	slowkick3)40hz
262	1510593937891	-1.04	-7.06	6.59	slowkick3)40hz
263	1510593937896	-1.051	-7.072	6.582	slowkick3)40hz
264	1510593937901	-1.017	-7.062	6.595	slowkick3)40hz
265	1510593937906	-1.019	-7.041	6.601	slowkick3)40hz
266	1510593937911	-1.037	-7.022	6.603	slowkick3)40hz
267	1510593937916	-1.05	-7.05	6.604	slowkick3)40hz
268	1510593937922	-1.08	-7.064	6.577	slowkick3)40hz
269	1510593937927	-1.123	-7.068	6.543	slowkick3)40hz
270	1510593937932	-1.102	-7.081	6.556	slowkick3)40hz
271	1510593937937	-1.066	-7.06	6.558	slowkick3)40hz
272	1510593937942	-1.067	-7.055	6.591	slowkick3)40hz
273	1510593937947	-1.084	-7.042	6.522	slowkick3)40hz
274	1510593937952	-1.097	-7.022	6.55	slowkick3)40hz
275	1510593937957	-1.051	-6.995	6.583	slowkick3)40hz
276	1510593937962	-0.99	-7.008	6.629	slowkick3)40hz
277	1510593937967	-0.965	-6.994	6.644	slowkick3)40hz
278	1510593937972	-0.981	-7.015	6.633	slowkick3)40hz
279	1510593937977	-0.972	-7.018	6.646	slowkick3)40hz
280	1510593937982	-0.97	-7.008	6.643	slowkick3)40hz
281	1510593937987	-0.984	-7.013	6.652	slowkick3)40hz
282	1510593937992	-0.99	-7.032	6.61	slowkick3)40hz
283	1510593937997	-1.001	-7.052	6.618	slowkick3)40hz
284	1510593938002	-1.035	-7.064	6.636	slowkick3)40hz
285	1510593938007	-1.057	-7.058	6.592	slowkick3)40hz
286	1510593938012	-1.056	-7.058	6.586	slowkick3)40hz
287	1510593938017	-1.059	-7.067	6.592	slowkick3)40hz
288	1510593938022	-1.067	-7.069	6.582	slowkick3)40hz
289	1510593938028	-1.105	-7.066	6.623	slowkick3)40hz
290	1510593938033	-1.113	-7.051	6.608	slowkick3)40hz
291	1510593938038	-1.074	-7.059	6.606	slowkick3)40hz
292	1510593938043	-1.017	-7.067	6.581	slowkick3)40hz
293	1510593938048	-0.999	-7.037	6.574	slowkick3)40hz
294	1510593938053	-1.041	-7.039	6.597	slowkick3)40hz
295	1510593938058	-1.1	-7.03	6.612	slowkick3)40hz
296	1510593938063	-1.125	-7.049	6.611	slowkick3)40hz
297	1510593938068	-1.12	-7.046	6.583	slowkick3)40hz
298	1510593938073	-1.12	-7.042	6.61	slowkick3)40hz
299	1510593938078	-1.096	-7.021	6.626	slowkick3)40hz
300	1510593938083	-1.088	-7.043	6.62	slowkick3)40hz
301	1510593938088	-1.151	-7.017	6.561	slowkick3)40hz
302	1510593938093	-1.227	-7.03	6.544	slowkick3)40hz
303	1510593938098	-1.253	-7.042	6.541	slowkick3)40hz
304	1510593938103	-1.187	-7.055	6.544	slowkick3)40hz
305	1510593938108	-1.185	-7.064	6.544	slowkick3)40hz
306	1510593938113	-1.077	-7.071	6.574	slowkick3)40hz
307	1510593938118	-0.993	-7.098	6.624	slowkick3)40hz
308	1510593938123	-1.006	-7.063	6.589	slowkick3)40hz
309	1510593938128	-1.048	-7.059	6.58	slowkick3)40hz
310	1510593938133	-1.04	-7.04	6.614	slowkick3)40hz
311	1510593938138	-1.013	-7.058	6.653	slowkick3)40hz
312	1510593938143	-1.006	-7.065	6.624	slowkick3)40hz
313	1510593938148	-1.002	-7.08	6.599	slowkick3)40hz
314	1510593938153	-1.006	-7.052	6.619	slowkick3)40hz
315	1510593938159	-1.035	-7.024	6.63	slowkick3)40hz
316	1510593938164	-1.031	-7.017	6.632	slowkick3)40hz
317	1510593938169	-1.074	-6.993	6.621	slowkick3)40hz
318	1510593938174	-1.111	-7.009	6.589	slowkick3)40hz
319	1510593938179	-1.105	-7.016	6.577	slowkick3)40hz
320	1510593938184	-1.102	-7.034	6.574	slowkick3)40hz
321	1510593938189	-1.145	-7.057	6.555	slowkick3)40hz
322	1510593938194	-1.114	-7.05	6.545	slowkick3)40hz
323	1510593938199	-1.049	-7.075	6.564	slowkick3)40hz
324	1510593938204	-0.993	-7.094	6.582	slowkick3)40hz
325	1510593938209	-0.975	-7.088	6.611	slowkick3)40hz
326	1510593938214	-1.01	-7.091	6.616	slowkick3)40hz
327	1510593938219	-1.031	-7.068	6.616	slowkick3)40hz
328	1510593938224	-1.01	-7.097	6.592	slowkick3)40hz
329	1510593938229	-1.027	-7.11	6.576	slowkick3)40hz
330	1510593938234	-1.06	-7.097	6.586	slowkick3)40hz
331	1510593938239	-1.062	-7.082	6.609	slowkick3)40hz
332	1510593938244	-1.058	-7.084	6.58	slowkick3)40hz
333	1510593938249	-1.058	-7.077	6.622	slowkick3)40hz
334	1510593938254	-1.071	-7.039	6.586	slowkick3)40hz
335	1510593938259	-1.053	-7.067	6.601	slowkick3)40hz
336	1510593938264	-1.068	-7.065	6.558	slowkick3)40hz
337	1510593938269	-1.093	-7.073	6.558	slowkick3)40hz
338	1510593938274	-1.098	-7.06	6.573	slowkick3)40hz
339	1510593938279	-1.093	-7.072	6.543	slowkick3)40hz
340	1510593938284	-1.116	-7.079	6.547	slowkick3)40hz
341	1510593938289	-1.118	-7.104	6.494	slowkick3)40hz
342	1510593938295	-1.084	-7.112	6.506	slowkick3)40hz
343	1510593938299	-1.021	-7.116	6.525	slowkick3)40hz
344	1510593938304	-1.005	-7.105	6.526	slowkick3)40hz
345	1510593938310	-0.984	-7.093	6.554	slowkick3)40hz
346	1510593938314	-0.995	-7.075	6.577	slowkick3)40hz
347	1510593938320	-1.001	-7.087	6.581	slowkick3)40hz
348	1510593938325	-1.019	-7.06	6.59	slowkick3)40hz
349	1510593938330	-1.063	-7.051	6.618	slowkick3)40hz
350	1510593938335	-1.11	-7.068	6.599	slowkick3)40hz
351	1510593938340	-1.108	-7.077	6.607	slowkick3)40hz
352	1510593938345	-1.074	-7.065	6.616	slowkick3)40hz
353	1510593938350	-1.057	-7.084	6.618	slowkick3)40hz
354	1510593938355	-1.053	-7.09	6.577	slowkick3)40hz
355	1510593938360	-1.086	-7.088	6.585	slowkick3)40hz
356	1510593938365	-1.117	-7.08	6.539	slowkick3)40hz
357	1510593938370	-1.176	-7.072	6.519	slowkick3)40hz
358	1510593938375	-1.154	-7.071	6.522	slowkick3)40hz
359	1510593938380	-1.108	-7.069	6.529	slowkick3)40hz
360	1510593938385	-1.094	-7.066	6.536	slowkick3)40hz
361	1510593938390	-1.066	-7.098	6.538	slowkick3)40hz
362	1510593938395	-1.052	-7.114	6.54	slowkick3)40hz
363	1510593938400	-1.043	-7.077	6.552	slowkick3)40hz
364	1510593938405	-1.053	-7.065	6.554	slowkick3)40hz
365	1510593938410	-1.078	-7.075	6.538	slowkick3)40hz
366	1510593938415	-1.08	-7.067	6.571	slowkick3)40hz
367	1510593938420	-1.097	-7.059	6.561	slowkick3)40hz
368	1510593938425	-1.081	-7.075	6.57	slowkick3)40hz
369	1510593938430	-1.028	-7.067	6.582	slowkick3)40hz
370	1510593938435	-0.976	-7.067	6.619	slowkick3)40hz
371	1510593938441	-0.923	-7.082	6.595	slowkick3)40hz
372	1510593938445	-0.958	-7.074	6.639	slowkick3)40hz
373	1510593938451	-1.027	-7.061	6.64	slowkick3)40hz
374	1510593938456	-1.093	-7.043	6.601	slowkick3)40hz
375	1510593938461	-1.058	-7.065	6.573	slowkick3)40hz
376	1510593938466	-0.982	-7.084	6.562	slowkick3)40hz
377	1510593938471	-0.964	-7.061	6.605	slowkick3)40hz
378	1510593938476	-1.035	-7.03	6.603	slowkick3)40hz
379	1510593938481	-1.065	-7.048	6.605	slowkick3)40hz
380	1510593938486	-1.038	-7.066	6.608	slowkick3)40hz
381	1510593938491	-1.023	-7.05	6.619	slowkick3)40hz
382	1510593938496	-1.049	-7.058	6.573	slowkick3)40hz
383	1510593938501	-1.047	-7.076	6.535	slowkick3)40hz
384	1510593938506	-1.057	-7.049	6.582	slowkick3)40hz
385	1510593938511	-1.017	-7.077	6.599	slowkick3)40hz
386	1510593938516	-1.001	-7.076	6.592	slowkick3)40hz
387	1510593938521	-1.006	-7.084	6.568	slowkick3)40hz
388	1510593938526	-1.012	-7.061	6.581	slowkick3)40hz
389	1510593938531	-1.022	-7.06	6.602	slowkick3)40hz
390	1510593938536	-1.09	-7.055	6.592	slowkick3)40hz
391	1510593938541	-1.139	-7.037	6.626	slowkick3)40hz
392	1510593938546	-1.193	-7.043	6.598	slowkick3)40hz
393	1510593938551	-1.16	-7.024	6.576	slowkick3)40hz
394	1510593938557	-1.166	-7.025	6.59	slowkick3)40hz
395	1510593938562	-1.15	-7.04	6.546	slowkick3)40hz
396	1510593938567	-1.125	-7.037	6.541	slowkick3)40hz
397	1510593938572	-1.072	-7.042	6.55	slowkick3)40hz
398	1510593938577	-1.016	-7.037	6.579	slowkick3)40hz
399	1510593938582	-1.032	-7.049	6.619	slowkick3)40hz
400	1510593938587	-1.078	-7.034	6.625	slowkick3)40hz
401	1510593938592	-1.066	-7.054	6.605	slowkick3)40hz
402	1510593938597	-1.04	-7.067	6.601	slowkick3)40hz
403	1510593938602	-1.031	-7.064	6.585	slowkick3)40hz
404	1510593938607	-1.043	-7.048	6.634	slowkick3)40hz
405	1510593938612	-1.077	-7.04	6.643	slowkick3)40hz
406	1510593938617	-1.111	-7.049	6.592	slowkick3)40hz
407	1510593938623	-1.107	-7.061	6.561	slowkick3)40hz
408	1510593938627	-1.113	-7.045	6.576	slowkick3)40hz
409	1510593938632	-1.084	-7.038	6.577	slowkick3)40hz
410	1510593938637	-1.081	-7.033	6.556	slowkick3)40hz
411	1510593938642	-1.123	-7.022	6.558	slowkick3)40hz
412	1510593938647	-1.157	-7	6.56	slowkick3)40hz
413	1510593938652	-1.139	-7.018	6.533	slowkick3)40hz
414	1510593938657	-1.08	-7.063	6.55	slowkick3)40hz
415	1510593938662	-1.035	-7.085	6.57	slowkick3)40hz
416	1510593938667	-1.022	-7.06	6.578	slowkick3)40hz
417	1510593938673	-1.032	-7.063	6.59	slowkick3)40hz
418	1510593938677	-1.069	-7.058	6.595	slowkick3)40hz
419	1510593938682	-1.117	-7.041	6.603	slowkick3)40hz
420	1510593938688	-1.14	-7.019	6.61	slowkick3)40hz
421	1510593938693	-1.123	-7.013	6.603	slowkick3)40hz
422	1510593938698	-1.156	-7.024	6.59	slowkick3)40hz
423	1510593938703	-1.159	-7.034	6.576	slowkick3)40hz
424	1510593938708	-1.108	-7.022	6.607	slowkick3)40hz
425	1510593938713	-1.084	-6.998	6.598	slowkick3)40hz
426	1510593938718	-1.068	-7.006	6.573	slowkick3)40hz
427	1510593938723	-1.082	-7.019	6.597	slowkick3)40hz
428	1510593938728	-1.105	-7.025	6.548	slowkick3)40hz
429	1510593938733	-1.094	-7.037	6.585	slowkick3)40hz
430	1510593938738	-1.034	-7.028	6.643	slowkick3)40hz
431	1510593938743	-1.023	-7.015	6.64	slowkick3)40hz
432	1510593938748	-1.05	-7.024	6.621	slowkick3)40hz
433	1510593938753	-1.049	-7.02	6.598	slowkick3)40hz
434	1510593938758	-1.044	-7.039	6.602	slowkick3)40hz
435	1510593938763	-1.06	-7.053	6.599	slowkick3)40hz
436	1510593938768	-1.066	-7.039	6.581	slowkick3)40hz
437	1510593938773	-1.078	-7.031	6.628	slowkick3)40hz
438	1510593938778	-1.097	-7.032	6.622	slowkick3)40hz
439	1510593938783	-1.083	-7.062	6.567	slowkick3)40hz
440	1510593938788	-1.031	-7.066	6.551	slowkick3)40hz
441	1510593938793	-1.046	-7.063	6.585	slowkick3)40hz
442	1510593938798	-1.074	-7.057	6.59	slowkick3)40hz
443	1510593938803	-1.105	-7.057	6.577	slowkick3)40hz
444	1510593938808	-1.126	-7.049	6.562	slowkick3)40hz
445	1510593938813	-1.104	-7.064	6.596	slowkick3)40hz
446	1510593938818	-1.086	-7.048	6.588	slowkick3)40hz
447	1510593938823	-1.113	-7.039	6.57	slowkick3)40hz
448	1510593938829	-1.113	-7.034	6.55	slowkick3)40hz
449	1510593938834	-1.063	-7.022	6.583	slowkick3)40hz
450	1510593938839	-1.078	-7.005	6.595	slowkick3)40hz
451	1510593938844	-1.103	-6.996	6.576	slowkick3)40hz
452	1510593938849	-1.109	-7.007	6.595	slowkick3)40hz
453	1510593938854	-1.128	-7.047	6.564	slowkick3)40hz
454	1510593938859	-1.09	-7.048	6.592	slowkick3)40hz
455	1510593938864	-1.051	-7.017	6.597	slowkick3)40hz
456	1510593938869	-1.025	-7.018	6.605	slowkick3)40hz
457	1510593938874	-1.039	-7.034	6.603	slowkick3)40hz
458	1510593938879	-1.032	-7.046	6.611	slowkick3)40hz
459	1510593938884	-1.028	-7.054	6.626	slowkick3)40hz
460	1510593938889	-1.059	-7.044	6.592	slowkick3)40hz
461	1510593938894	-1.098	-7.032	6.559	slowkick3)40hz
462	1510593938899	-1.106	-7.043	6.58	slowkick3)40hz
463	1510593938904	-1.099	-7.033	6.629	slowkick3)40hz
464	1510593938909	-1.119	-7.036	6.611	slowkick3)40hz
465	1510593938914	-1.127	-7.063	6.604	slowkick3)40hz
466	1510593938919	-1.111	-7.066	6.587	slowkick3)40hz
467	1510593938924	-1.125	-7.054	6.599	slowkick3)40hz
468	1510593938929	-1.097	-7.069	6.61	slowkick3)40hz
469	1510593938934	-1.054	-7.069	6.598	slowkick3)40hz
470	1510593938940	-1.08	-7.063	6.611	slowkick3)40hz
471	1510593938945	-1.083	-7.052	6.602	slowkick3)40hz
472	1510593938950	-1.073	-7.061	6.623	slowkick3)40hz
473	1510593938955	-1.097	-7.032	6.603	slowkick3)40hz
474	1510593938960	-1.104	-7.033	6.56	slowkick3)40hz
475	1510593938965	-1.101	-7.052	6.575	slowkick3)40hz
476	1510593938970	-1.078	-7.068	6.593	slowkick3)40hz
477	1510593938975	-1.033	-7.065	6.587	slowkick3)40hz
478	1510593938980	-1.038	-7.045	6.608	slowkick3)40hz
479	1510593938985	-1.084	-7.048	6.592	slowkick3)40hz
480	1510593938990	-1.095	-7.057	6.559	slowkick3)40hz
481	1510593938995	-1.095	-7.095	6.544	slowkick3)40hz
482	1510593939000	-1.066	-7.076	6.594	slowkick3)40hz
483	1510593939005	-1.076	-7.054	6.596	slowkick3)40hz
484	1510593939010	-1.115	-7.048	6.602	slowkick3)40hz
485	1510593939015	-1.102	-7.04	6.605	slowkick3)40hz
486	1510593939020	-1.096	-7.048	6.605	slowkick3)40hz
487	1510593939025	-1.121	-7.036	6.592	slowkick3)40hz
488	1510593939030	-1.126	-7.077	6.587	slowkick3)40hz
489	1510593939035	-1.122	-7.086	6.559	slowkick3)40hz
490	1510593939040	-1.084	-7.069	6.583	slowkick3)40hz
491	1510593939045	-1.081	-7.05	6.597	slowkick3)40hz
492	1510593939050	-1.095	-7.04	6.602	slowkick3)40hz
493	1510593939055	-1.066	-7.045	6.577	slowkick3)40hz
494	1510593939060	-1.072	-7.057	6.579	slowkick3)40hz
495	1510593939065	-1.082	-7.063	6.577	slowkick3)40hz
496	1510593939070	-1.082	-7.052	6.581	slowkick3)40hz
497	1510593939075	-1.083	-7.042	6.586	slowkick3)40hz
498	1510593939080	-1.105	-7.022	6.582	slowkick3)40hz
499	1510593939085	-1.127	-7.034	6.61	slowkick3)40hz
500	1510593939090	-1.112	-7.032	6.604	slowkick3)40hz
501	1510593939096	-1.11	-7.044	6.583	slowkick3)40hz
502	1510593939101	-1.107	-7.055	6.58	slowkick3)40hz
503	1510593939106	-1.107	-7.063	6.573	slowkick3)40hz
504	1510593939111	-1.101	-7.046	6.546	slowkick3)40hz
505	1510593939116	-1.076	-7.04	6.538	slowkick3)40hz
506	1510593939121	-1.11	-7.037	6.56	slowkick3)40hz
507	1510593939126	-1.099	-7.039	6.597	slowkick3)40hz
508	1510593939131	-1.093	-7.052	6.576	slowkick3)40hz
509	1510593939136	-1.066	-7.063	6.592	slowkick3)40hz
510	1510593939141	-1.073	-7.084	6.58	slowkick3)40hz
511	1510593939146	-1.091	-7.055	6.606	slowkick3)40hz
512	1510593939151	-1.088	-7.052	6.56	slowkick3)40hz
513	1510593939156	-1.11	-7.041	6.584	slowkick3)40hz
514	1510593939161	-1.151	-7.034	6.582	slowkick3)40hz
515	1510593939166	-1.135	-7.046	6.596	slowkick3)40hz
516	1510593939171	-1.081	-7.061	6.58	slowkick3)40hz
517	1510593939176	-1.046	-7.081	6.57	slowkick3)40hz
518	1510593939181	-1.074	-7.059	6.552	slowkick3)40hz
519	1510593939186	-1.08	-7.047	6.54	slowkick3)40hz
520	1510593939191	-1.067	-7.072	6.573	slowkick3)40hz
521	1510593939196	-1.046	-7.065	6.594	slowkick3)40hz
522	1510593939201	-1.036	-7.067	6.576	slowkick3)40hz
523	1510593939206	-1.047	-7.054	6.596	slowkick3)40hz
524	1510593939211	-1.06	-7.046	6.621	slowkick3)40hz
525	1510593939217	-1.049	-7.039	6.611	slowkick3)40hz
526	1510593939222	-1.052	-7.042	6.608	slowkick3)40hz
527	1510593939227	-1.05	-7.055	6.58	slowkick3)40hz
528	1510593939232	-1.086	-7.055	6.568	slowkick3)40hz
529	1510593939237	-1.09	-7.028	6.577	slowkick3)40hz
530	1510593939242	-1.049	-7.018	6.594	slowkick3)40hz
531	1510593939247	-1.087	-7.062	6.547	slowkick3)40hz
532	1510593939252	-1.098	-7.04	6.521	slowkick3)40hz
533	1510593939257	-1.097	-7.04	6.565	slowkick3)40hz
534	1510593939262	-1.06	-7.049	6.577	slowkick3)40hz
535	1510593939267	-1.048	-7.074	6.592	slowkick3)40hz
536	1510593939272	-1.052	-7.067	6.574	slowkick3)40hz
537	1510593939277	-1.052	-7.069	6.58	slowkick3)40hz
538	1510593939282	-1.049	-7.059	6.587	slowkick3)40hz
539	1510593939287	-1.081	-7.075	6.573	slowkick3)40hz
540	1510593939292	-1.092	-7.047	6.609	slowkick3)40hz
541	1510593939297	-1.125	-7.058	6.528	slowkick3)40hz
542	1510593939302	-1.123	-7.071	6.541	slowkick3)40hz
543	1510593939307	-1.108	-7.078	6.596	slowkick3)40hz
544	1510593939312	-1.103	-7.065	6.6	slowkick3)40hz
545	1510593939317	-1.123	-7.082	6.554	slowkick3)40hz
546	1510593939322	-1.092	-7.066	6.557	slowkick3)40hz
547	1510593939327	-1.085	-7.067	6.561	slowkick3)40hz
548	1510593939332	-1.105	-7.052	6.572	slowkick3)40hz
549	1510593939337	-1.085	-7.076	6.552	slowkick3)40hz
550	1510593939342	-1.099	-7.08	6.553	slowkick3)40hz
551	1510593939348	-1.098	-7.073	6.577	slowkick3)40hz
552	1510593939353	-1.084	-7.058	6.565	slowkick3)40hz
553	1510593939358	-1.058	-7.043	6.579	slowkick3)40hz
554	1510593939363	-1.031	-7.052	6.579	slowkick3)40hz
555	1510593939368	-1.012	-7.05	6.576	slowkick3)40hz
556	1510593939373	-1.057	-7.038	6.581	slowkick3)40hz
557	1510593939378	-1.056	-7.046	6.552	slowkick3)40hz
558	1510593939383	-1.069	-7.037	6.604	slowkick3)40hz
559	1510593939388	-1.105	-7.049	6.614	slowkick3)40hz
560	1510593939393	-1.127	-7.025	6.587	slowkick3)40hz
561	1510593939398	-1.093	-7.048	6.595	slowkick3)40hz
562	1510593939403	-1.132	-7.07	6.554	slowkick3)40hz
563	1510593939408	-1.13	-7.071	6.568	slowkick3)40hz
564	1510593939413	-1.151	-7.036	6.552	slowkick3)40hz
565	1510593939418	-1.145	-7.047	6.575	slowkick3)40hz
566	1510593939423	-1.134	-7.058	6.553	slowkick3)40hz
567	1510593939428	-1.1	-7.084	6.556	slowkick3)40hz
568	1510593939433	-1.099	-7.093	6.576	slowkick3)40hz
569	1510593939438	-1.097	-7.073	6.543	slowkick3)40hz
570	1510593939443	-1.102	-7.084	6.565	slowkick3)40hz
571	1510593939448	-1.11	-7.083	6.576	slowkick3)40hz
572	1510593939453	-1.101	-7.057	6.555	slowkick3)40hz
573	1510593939458	-1.086	-7.062	6.586	slowkick3)40hz
574	1510593939463	-1.066	-7.055	6.57	slowkick3)40hz
575	1510593939468	-1.07	-7.021	6.622	slowkick3)40hz
576	1510593939474	-1.096	-7.013	6.611	slowkick3)40hz
577	1510593939479	-1.107	-7.036	6.562	slowkick3)40hz
578	1510593939484	-1.119	-7.058	6.552	slowkick3)40hz
579	1510593939489	-1.066	-7.049	6.579	slowkick3)40hz
580	1510593939494	-1.024	-7.07	6.61	slowkick3)40hz
581	1510593939499	-1.065	-7.082	6.544	slowkick3)40hz
582	1510593939504	-1.108	-7.086	6.555	slowkick3)40hz
583	1510593939509	-1.09	-7.064	6.574	slowkick3)40hz
584	1510593939514	-1.049	-7.074	6.596	slowkick3)40hz
585	1510593939519	-1.061	-7.075	6.599	slowkick3)40hz
586	1510593939524	-1.081	-7.071	6.611	slowkick3)40hz
587	1510593939529	-1.092	-7.048	6.592	slowkick3)40hz
588	1510593939534	-1.074	-7.077	6.618	slowkick3)40hz
589	1510593939539	-1.071	-7.066	6.608	slowkick3)40hz
590	1510593939544	-1.087	-7.072	6.578	slowkick3)40hz
591	1510593939549	-1.09	-7.081	6.618	slowkick3)40hz
592	1510593939554	-1.059	-7.09	6.576	slowkick3)40hz
593	1510593939559	-1.089	-7.076	6.593	slowkick3)40hz
594	1510593939571	-1.133	-7.048	6.562	slowkick3)40hz
595	1510593939572	-1.113	-7.033	6.567	slowkick3)40hz
596	1510593939580	-1.115	-7.021	6.611	slowkick3)40hz
597	1510593939585	-1.121	-7.051	6.595	slowkick3)40hz
598	1510593939586	-1.131	-7.067	6.571	slowkick3)40hz
599	1510593939590	-1.109	-7.082	6.556	slowkick3)40hz
600	1510593939595	-1.082	-7.043	6.576	slowkick3)40hz
601	1510593939599	-1.066	-7.086	6.58	slowkick3)40hz
602	1510593939604	-1.084	-7.069	6.576	slowkick3)40hz
603	1510593939609	-1.09	-7.075	6.602	slowkick3)40hz
604	1510593939614	-1.086	-7.06	6.591	slowkick3)40hz
605	1510593939619	-1.051	-7.063	6.58	slowkick3)40hz
606	1510593939625	-1.016	-7.052	6.614	slowkick3)40hz
607	1510593939629	-1.011	-7.079	6.608	slowkick3)40hz
608	1510593939635	-1.074	-7.088	6.586	slowkick3)40hz
609	1510593939640	-1.125	-7.051	6.616	slowkick3)40hz
610	1510593939645	-1.091	-7.046	6.604	slowkick3)40hz
611	1510593939650	-1.056	-7.046	6.593	slowkick3)40hz
612	1510593939655	-1.056	-7.066	6.567	slowkick3)40hz
613	1510593939660	-1.066	-7.052	6.582	slowkick3)40hz
614	1510593939665	-1.08	-7.026	6.627	slowkick3)40hz
615	1510593939670	-1.129	-7.044	6.624	slowkick3)40hz
616	1510593939675	-1.133	-7.066	6.597	slowkick3)40hz
617	1510593939680	-1.093	-7.081	6.566	slowkick3)40hz
618	1510593939685	-1.069	-7.061	6.582	slowkick3)40hz
619	1510593939690	-1.031	-7.061	6.54	slowkick3)40hz
620	1510593939695	-1.02	-7.084	6.582	slowkick3)40hz
621	1510593939700	-1.05	-7.07	6.573	slowkick3)40hz
622	1510593939705	-1.086	-7.061	6.552	slowkick3)40hz
623	1510593939710	-1.087	-7.081	6.553	slowkick3)40hz
624	1510593939715	-1.092	-7.057	6.555	slowkick3)40hz
625	1510593939720	-1.075	-7.052	6.559	slowkick3)40hz
626	1510593939725	-1.075	-7.048	6.56	slowkick3)40hz
627	1510593939731	-1.078	-7.052	6.567	slowkick3)40hz
628	1510593939736	-1.063	-7.051	6.564	slowkick3)40hz
629	1510593939741	-1.087	-7.049	6.576	slowkick3)40hz
630	1510593939746	-1.081	-7.06	6.549	slowkick3)40hz
631	1510593939751	-1.089	-7.063	6.551	slowkick3)40hz
632	1510593939756	-1.085	-7.069	6.587	slowkick3)40hz
633	1510593939761	-1.063	-7.064	6.573	slowkick3)40hz
634	1510593939766	-1.088	-7.055	6.601	slowkick3)40hz
635	1510593939771	-1.112	-7.051	6.593	slowkick3)40hz
636	1510593939776	-1.11	-7.071	6.571	slowkick3)40hz
637	1510593939781	-1.111	-7.082	6.539	slowkick3)40hz
638	1510593939786	-1.115	-7.072	6.534	slowkick3)40hz
639	1510593939791	-1.104	-7.08	6.544	slowkick3)40hz
640	1510593939796	-1.086	-7.084	6.535	slowkick3)40hz
641	1510593939801	-1.101	-7.09	6.553	slowkick3)40hz
642	1510593939806	-1.094	-7.056	6.541	slowkick3)40hz
643	1510593939811	-1.108	-7.094	6.557	slowkick3)40hz
644	1510593939816	-1.108	-7.093	6.52	slowkick3)40hz
645	1510593939821	-1.081	-7.065	6.58	slowkick3)40hz
646	1510593939826	-1.091	-7.046	6.625	slowkick3)40hz
647	1510593939831	-1.086	-7.041	6.612	slowkick3)40hz
648	1510593939836	-1.101	-7.06	6.597	slowkick3)40hz
649	1510593939841	-1.128	-7.064	6.57	slowkick3)40hz
650	1510593939847	-1.09	-7.043	6.555	slowkick3)40hz
651	1510593939852	-1.085	-7.069	6.518	slowkick3)40hz
652	1510593939857	-1.087	-7.071	6.543	slowkick3)40hz
653	1510593939862	-1.056	-7.076	6.531	slowkick3)40hz
654	1510593939867	-1.013	-7.067	6.537	slowkick3)40hz
655	1510593939872	-1.01	-7.063	6.577	slowkick3)40hz
656	1510593939876	-1.059	-7.054	6.596	slowkick3)40hz
657	1510593939882	-1.105	-7.073	6.581	slowkick3)40hz
658	1510593939887	-1.127	-7.069	6.566	slowkick3)40hz
659	1510593939892	-1.132	-7.068	6.558	slowkick3)40hz
660	1510593939897	-1.127	-7.061	6.548	slowkick3)40hz
661	1510593939902	-1.145	-7.046	6.567	slowkick3)40hz
662	1510593939907	-1.155	-7.051	6.565	slowkick3)40hz
663	1510593939912	-1.126	-7.074	6.579	slowkick3)40hz
664	1510593939917	-1.091	-7.054	6.563	slowkick3)40hz
665	1510593939922	-1.092	-7.06	6.581	slowkick3)40hz
666	1510593939927	-1.097	-7.062	6.595	slowkick3)40hz
667	1510593939932	-1.088	-7.058	6.58	slowkick3)40hz
668	1510593939937	-1.128	-7.055	6.575	slowkick3)40hz
669	1510593939942	-1.1	-7.059	6.55	slowkick3)40hz
670	1510593939947	-1.072	-7.081	6.56	slowkick3)40hz
671	1510593939952	-1.037	-7.093	6.556	slowkick3)40hz
672	1510593939957	-1.046	-7.072	6.586	slowkick3)40hz
673	1510593939962	-1.046	-7.048	6.59	slowkick3)40hz
674	1510593939967	-1.06	-7.038	6.593	slowkick3)40hz
675	1510593939972	-1.072	-7.056	6.593	slowkick3)40hz
676	1510593939977	-1.086	-7.06	6.561	slowkick3)40hz
677	1510593939982	-1.058	-7.087	6.541	slowkick3)40hz
678	1510593939987	-1.066	-7.082	6.562	slowkick3)40hz
679	1510593939992	-1.084	-7.069	6.566	slowkick3)40hz
680	1510593939997	-1.097	-7.069	6.537	slowkick3)40hz
681	1510593940002	-1.132	-7.078	6.568	slowkick3)40hz
682	1510593940008	-1.095	-7.096	6.56	slowkick3)40hz
683	1510593940013	-1.091	-7.075	6.568	slowkick3)40hz
684	1510593940018	-1.066	-7.073	6.559	slowkick3)40hz
685	1510593940023	-1.106	-7.055	6.538	slowkick3)40hz
686	1510593940028	-1.084	-7.039	6.567	slowkick3)40hz
687	1510593940033	-1.058	-7.048	6.559	slowkick3)40hz
688	1510593940038	-1.048	-7.072	6.564	slowkick3)40hz
689	1510593940043	-1.05	-7.046	6.601	slowkick3)40hz
690	1510593940048	-1.059	-7.022	6.608	slowkick3)40hz
691	1510593940053	-1.078	-7.032	6.588	slowkick3)40hz
692	1510593940058	-1.066	-7.066	6.571	slowkick3)40hz
693	1510593940063	-1.03	-7.069	6.611	slowkick3)40hz
694	1510593940068	-1.022	-7.061	6.604	slowkick3)40hz
695	1510593940073	-1.049	-7.054	6.602	slowkick3)40hz
696	1510593940078	-1.081	-7.028	6.608	slowkick3)40hz
697	1510593940083	-1.08	-7.031	6.595	slowkick3)40hz
698	1510593940088	-1.068	-7.054	6.577	slowkick3)40hz
699	1510593940093	-1.055	-7.064	6.599	slowkick3)40hz
700	1510593940098	-1.048	-7.056	6.615	slowkick3)40hz
701	1510593940104	-1.081	-7.041	6.593	slowkick3)40hz
702	1510593940108	-1.126	-7.02	6.616	slowkick3)40hz
703	1510593940113	-1.147	-7.028	6.637	slowkick3)40hz
704	1510593940118	-1.114	-7.057	6.596	slowkick3)40hz
705	1510593940123	-1.06	-7.055	6.579	slowkick3)40hz
706	1510593940129	-1.057	-7.04	6.631	slowkick3)40hz
707	1510593940134	-1.089	-7.039	6.651	slowkick3)40hz
708	1510593940138	-1.083	-7.017	6.646	slowkick3)40hz
709	1510593940144	-1.075	-7.045	6.643	slowkick3)40hz
710	1510593940149	-1.077	-7.049	6.629	slowkick3)40hz
711	1510593940154	-1.089	-7.036	6.602	slowkick3)40hz
712	1510593940159	-1.037	-7.051	6.576	slowkick3)40hz
713	1510593940164	-0.928	-7.043	6.613	slowkick3)40hz
714	1510593940169	-1.024	-7.02	6.662	slowkick3)40hz
715	1510593940174	-1.11	-7.007	6.61	slowkick3)40hz
716	1510593940179	-1.161	-7.034	6.598	slowkick3)40hz
717	1510593940184	-1.122	-7.036	6.599	slowkick3)40hz
718	1510593940189	-1.078	-7.028	6.583	slowkick3)40hz
719	1510593940194	-1.084	-7.028	6.635	slowkick3)40hz
720	1510593940199	-1.137	-7.017	6.598	slowkick3)40hz
721	1510593940204	-1.18	-7.018	6.59	slowkick3)40hz
722	1510593940209	-1.13	-7.027	6.611	slowkick3)40hz
723	1510593940214	-1.119	-7.036	6.605	slowkick3)40hz
724	1510593940219	-1.08	-7.01	6.626	slowkick3)40hz
725	1510593940224	-1.101	-6.994	6.68	slowkick3)40hz
726	1510593940229	-1.173	-6.992	6.662	slowkick3)40hz
727	1510593940234	-1.167	-7.011	6.632	slowkick3)40hz
728	1510593940239	-1.129	-7.042	6.604	slowkick3)40hz
729	1510593940244	-1.132	-7.046	6.65	slowkick3)40hz
730	1510593940249	-1.163	-7.017	6.625	slowkick3)40hz
731	1510593940255	-1.165	-7.017	6.634	slowkick3)40hz
732	1510593940259	-1.137	-6.993	6.639	slowkick3)40hz
733	1510593940265	-1.128	-7.042	6.6	slowkick3)40hz
734	1510593940270	-1.126	-7.042	6.602	slowkick3)40hz
735	1510593940275	-1.12	-7.057	6.612	slowkick3)40hz
736	1510593940280	-1.159	-7.047	6.599	slowkick3)40hz
737	1510593940285	-1.172	-7.023	6.607	slowkick3)40hz
738	1510593940290	-1.098	-7.03	6.668	slowkick3)40hz
739	1510593940295	-1.08	-7.019	6.684	slowkick3)40hz
740	1510593940300	-1.097	-7.03	6.668	slowkick3)40hz
741	1510593940305	-1.153	-7.032	6.669	slowkick3)40hz
742	1510593940310	-1.147	-7.037	6.643	slowkick3)40hz
743	1510593940315	-1.118	-7.061	6.644	slowkick3)40hz
744	1510593940320	-1.104	-7.048	6.653	slowkick3)40hz
745	1510593940325	-1.089	-7.052	6.629	slowkick3)40hz
746	1510593940330	-1.126	-7.046	6.652	slowkick3)40hz
747	1510593940335	-1.102	-7.045	6.665	slowkick3)40hz
748	1510593940340	-1.096	-7.047	6.676	slowkick3)40hz
749	1510593940345	-1.092	-7.049	6.662	slowkick3)40hz
750	1510593940350	-1.117	-7.05	6.65	slowkick3)40hz
751	1510593940355	-1.128	-7.098	6.611	slowkick3)40hz
752	1510593940360	-1.113	-7.126	6.572	slowkick3)40hz
753	1510593940365	-1.127	-7.145	6.611	slowkick3)40hz
754	1510593940370	-1.193	-7.157	6.58	slowkick3)40hz
755	1510593940375	-1.256	-7.178	6.577	slowkick3)40hz
756	1510593940380	-1.173	-7.184	6.543	slowkick3)40hz
757	1510593940385	-1.134	-7.242	6.537	slowkick3)40hz
758	1510593940390	-1.122	-7.269	6.55	slowkick3)40hz
759	1510593940396	-1.205	-7.367	6.559	slowkick3)40hz
760	1510593940401	-1.213	-7.416	6.51	slowkick3)40hz
761	1510593940406	-1.248	-7.558	6.527	slowkick3)40hz
762	1510593940411	-1.305	-7.622	6.501	slowkick3)40hz
763	1510593940416	-1.296	-7.655	6.502	slowkick3)40hz
764	1510593940421	-1.171	-7.867	6.59	slowkick3)40hz
765	1510593940426	-1.108	-8.098	6.671	slowkick3)40hz
766	1510593940431	-1.172	-8.457	6.652	slowkick3)40hz
767	1510593940436	-1.232	-9.147	6.786	slowkick3)40hz
768	1510593940441	-1.078	-11.049	7.16	slowkick3)40hz
769	1510593940446	-0.88	-15.378	7.779	slowkick3)40hz
770	1510593940451	-0.26	-18.962	6.348	slowkick3)40hz
771	1510593940456	0.094	-17.496	5.178	slowkick3)40hz
772	1510593940461	1.011	-15.328	3.946	slowkick3)40hz
773	1510593940466	1.791	-14.631	2.851	slowkick3)40hz
774	1510593940471	1.856	-13.757	1.582	slowkick3)40hz
775	1510593940476	1.759	-12.616	0.094	slowkick3)40hz
776	1510593940481	1.788	-12.399	-1.308	slowkick3)40hz
777	1510593940486	2.436	-12.151	-1.91	slowkick3)40hz
778	1510593940491	3.153	-12.724	-2.207	slowkick3)40hz
779	1510593940496	3.933	-13.083	-2.287	slowkick3)40hz
780	1510593940501	4.613	-13.543	-2.203	slowkick3)40hz
781	1510593940506	5.048	-14.102	-2.093	slowkick3)40hz
782	1510593940511	5.185	-14.412	-1.98	slowkick3)40hz
783	1510593940517	5.168	-14.482	-1.92	slowkick3)40hz
784	1510593940522	5.157	-14.55	-1.807	slowkick3)40hz
785	1510593940527	5.156	-14.792	-1.61	slowkick3)40hz
786	1510593940532	5.284	-15.186	-1.476	slowkick3)40hz
787	1510593940537	5.515	-15.449	-1.602	slowkick3)40hz
788	1510593940542	5.791	-15.481	-1.972	slowkick3)40hz
789	1510593940547	6.053	-15.361	-2.452	slowkick3)40hz
790	1510593940552	6.199	-15.29	-2.975	slowkick3)40hz
791	1510593940557	6.081	-15.383	-3.416	slowkick3)40hz
792	1510593940562	5.637	-15.673	-3.755	slowkick3)40hz
793	1510593940567	5.154	-15.931	-4.035	slowkick3)40hz
794	1510593940572	4.72	-15.999	-4.195	slowkick3)40hz
795	1510593940577	4.381	-16.056	-4.067	slowkick3)40hz
796	1510593940582	4.259	-16.395	-3.758	slowkick3)40hz
797	1510593940587	4.315	-16.973	-3.42	slowkick3)40hz
798	1510593940592	4.519	-17.674	-3.105	slowkick3)40hz
799	1510593940597	4.617	-18.302	-2.912	slowkick3)40hz
800	1510593940602	4.485	-18.774	-2.866	slowkick3)40hz
801	1510593940607	4.026	-19.211	-2.785	slowkick3)40hz
802	1510593940612	3.394	-19.529	-2.661	slowkick3)40hz
803	1510593940617	2.691	-19.529	-2.354	slowkick3)40hz
804	1510593940622	2.216	-19.529	-1.924	slowkick3)40hz
805	1510593940628	2.052	-19.529	-1.372	slowkick3)40hz
806	1510593940632	2.141	-19.529	-0.693	slowkick3)40hz
807	1510593940637	2.492	-19.529	0.189	slowkick3)40hz
808	1510593940642	3.052	-19.529	0.473	slowkick3)40hz
809	1510593940647	3.571	-19.529	0.389	slowkick3)40hz
810	1510593940652	3.887	-19.529	0.406	slowkick3)40hz
811	1510593940658	3.93	-19.529	0.653	slowkick3)40hz
812	1510593940663	3.781	-19.529	1.008	slowkick3)40hz
813	1510593940668	3.547	-19.529	1.332	slowkick3)40hz
814	1510593940673	3.387	-19.529	1.658	slowkick3)40hz
815	1510593940678	3.249	-19.529	2.058	slowkick3)40hz
816	1510593940683	3.116	-19.529	2.566	slowkick3)40hz
817	1510593940688	2.958	-19.529	3.192	slowkick3)40hz
818	1510593940693	2.665	-19.529	3.823	slowkick3)40hz
819	1510593940698	2.302	-19.529	4.253	slowkick3)40hz
820	1510593940703	2.11	-19.529	4.54	slowkick3)40hz
821	1510593940708	2.074	-19.529	4.672	slowkick3)40hz
822	1510593940713	1.985	-19.529	4.826	slowkick3)40hz
823	1510593940718	1.687	-19.529	5.073	slowkick3)40hz
824	1510593940723	1.228	-19.529	5.284	slowkick3)40hz
825	1510593940728	1.077	-19.529	5.583	slowkick3)40hz
826	1510593940733	0.823	-19.529	5.569	slowkick3)40hz
827	1510593940738	0.451	-19.529	5.485	slowkick3)40hz
828	1510593940743	0.203	-19.529	5.29	slowkick3)40hz
829	1510593940748	-0.009	-19.529	5.018	slowkick3)40hz
830	1510593940753	-0.215	-19.529	4.78	slowkick3)40hz
831	1510593940758	-0.405	-19.529	4.602	slowkick3)40hz
832	1510593940763	-0.514	-19.529	4.53	slowkick3)40hz
833	1510593940768	-0.698	-19.529	4.739	slowkick3)40hz
834	1510593940773	-0.984	-19.529	4.938	slowkick3)40hz
835	1510593940779	-1.245	-19.529	4.93	slowkick3)40hz
836	1510593940784	-1.29	-19.529	4.741	slowkick3)40hz
837	1510593940788	-1.245	-19.529	4.486	slowkick3)40hz
838	1510593940794	-1.048	-19.529	4.381	slowkick3)40hz
839	1510593940799	-0.82	-19.529	4.372	slowkick3)40hz
840	1510593940804	-0.71	-19.529	4.343	slowkick3)40hz
841	1510593940809	-0.744	-19.529	4.359	slowkick3)40hz
842	1510593940814	-0.794	-19.529	4.493	slowkick3)40hz
843	1510593940819	-1.017	-19.529	4.968	slowkick3)40hz
844	1510593940824	-1.521	-19.529	5.467	slowkick3)40hz
845	1510593940829	-2.102	-19.529	5.659	slowkick3)40hz
846	1510593940834	-2.438	-19.529	5.67	slowkick3)40hz
847	1510593940839	-2.291	-18.955	5.568	slowkick3)40hz
848	1510593940844	-1.675	-17.525	5.433	slowkick3)40hz
849	1510593940849	-0.974	-16.229	5.34	slowkick3)40hz
850	1510593940854	-0.374	-15.275	5.275	slowkick3)40hz
851	1510593940859	0.043	-14.705	5.34	slowkick3)40hz
852	1510593940864	0.106	-14.371	5.538	slowkick3)40hz
853	1510593940869	-0.066	-14.088	5.82	slowkick3)40hz
854	1510593940874	-0.363	-13.831	6.032	slowkick3)40hz
855	1510593940881	-0.715	-13.502	6.228	slowkick3)40hz
856	1510593940884	-1.13	-12.963	6.425	slowkick3)40hz
857	1510593940890	-1.499	-12.258	6.607	slowkick3)40hz
858	1510593940895	-1.8	-11.461	6.812	slowkick3)40hz
859	1510593940900	-2.008	-10.586	7.097	slowkick3)40hz
860	1510593940905	-2.169	-9.783	7.389	slowkick3)40hz
861	1510593940910	-2.294	-9.059	7.725	slowkick3)40hz
862	1510593940915	-2.531	-8.403	8.098	slowkick3)40hz
863	1510593940920	-2.829	-7.714	8.485	slowkick3)40hz
864	1510593940925	-3.149	-7.136	9.084	slowkick3)40hz
865	1510593940930	-3.439	-6.823	9.842	slowkick3)40hz
866	1510593940935	-3.849	-6.823	10.654	slowkick3)40hz
867	1510593940940	-4.383	-6.803	11.451	slowkick3)40hz
868	1510593940945	-4.901	-6.369	12.054	slowkick3)40hz
869	1510593940950	-5.112	-5.412	12.491	slowkick3)40hz
870	1510593940955	-4.939	-4.246	12.902	slowkick3)40hz
871	1510593940960	-4.557	-3.134	13.242	slowkick3)40hz
872	1510593940965	-4.1	-2.095	13.477	slowkick3)40hz
873	1510593940970	-3.756	-1.227	13.701	slowkick3)40hz
874	1510593940975	-3.582	-0.593	13.955	slowkick3)40hz
875	1510593940980	-3.477	-0.168	14.217	slowkick3)40hz
876	1510593940985	-3.463	0.151	14.458	slowkick3)40hz
877	1510593940990	-3.538	0.414	14.602	slowkick3)40hz
878	1510593940995	-3.612	0.874	14.561	slowkick3)40hz
879	1510593941000	-3.551	1.627	14.324	slowkick3)40hz
880	1510593941005	-3.418	2.405	14.056	slowkick3)40hz
881	1510593941010	-3.386	2.995	13.742	slowkick3)40hz
882	1510593941016	-3.355	3.352	13.485	slowkick3)40hz
883	1510593941020	-3.586	3.282	13.453	slowkick3)40hz
884	1510593941025	-4.007	2.567	13.651	slowkick3)40hz
885	1510593941031	-4.516	1.39	13.991	slowkick3)40hz
886	1510593941035	-5.044	0.094	14.341	slowkick3)40hz
887	1510593941040	-5.522	-0.893	14.521	slowkick3)40hz
888	1510593941045	-5.92	-1.448	14.59	slowkick3)40hz
889	1510593941051	-6.222	-1.672	14.433	slowkick3)40hz
890	1510593941056	-6.201	-1.744	14.285	slowkick3)40hz
891	1510593941060	-5.912	-1.759	14.106	slowkick3)40hz
892	1510593941071	-5.404	-1.889	13.897	slowkick3)40hz
893	1510593941072	-4.8	-2.165	13.693	slowkick3)40hz
894	1510593941076	-4.271	-2.648	13.548	slowkick3)40hz
895	1510593941081	-4.01	-3.258	13.407	slowkick3)40hz
896	1510593941087	-3.926	-4.017	13.243	slowkick3)40hz
897	1510593941094	-3.902	-4.788	13.058	slowkick3)40hz
898	1510593941096	-3.914	-5.503	12.929	slowkick3)40hz
899	1510593941101	-3.875	-6.178	12.819	slowkick3)40hz
900	1510593941106	-3.779	-6.831	12.762	slowkick3)40hz
901	1510593941111	-3.652	-7.531	12.692	slowkick3)40hz
902	1510593941116	-3.543	-8.282	12.648	slowkick3)40hz
903	1510593941121	-3.478	-8.933	12.598	slowkick3)40hz
904	1510593941126	-3.431	-9.498	12.483	slowkick3)40hz
905	1510593941131	-3.433	-10.028	12.329	slowkick3)40hz
906	1510593941136	-3.465	-10.535	12.235	slowkick3)40hz
907	1510593941141	-3.339	-11.138	12.381	slowkick3)40hz
908	1510593941146	-3.082	-12.123	12.741	slowkick3)40hz
909	1510593941151	-2.931	-13.502	13.087	slowkick3)40hz
910	1510593941156	-3.108	-14.937	13.393	slowkick3)40hz
911	1510593941161	-3.449	-16.257	13.52	slowkick3)40hz
912	1510593941166	-3.895	-17.209	13.467	slowkick3)40hz
913	1510593941171	-4.444	-17.862	13.358	slowkick3)40hz
914	1510593941177	-5.152	-18.421	13.269	slowkick3)40hz
915	1510593941182	-5.942	-19.178	13.297	slowkick3)40hz
916	1510593941187	-6.762	-19.529	13.454	slowkick3)40hz
917	1510593941192	-7.597	-19.529	13.729	slowkick3)40hz
918	1510593941197	-8.166	-19.529	14.397	slowkick3)40hz
919	1510593941202	-8.231	-19.529	15.335	slowkick3)40hz
920	1510593941207	-8.111	-19.529	16.176	slowkick3)40hz
921	1510593941212	-8.115	-19.529	16.882	slowkick3)40hz
922	1510593941217	-8.272	-19.529	17.469	slowkick3)40hz
923	1510593941222	-8.33	-19.529	18.029	slowkick3)40hz
924	1510593941227	-8.175	-19.529	18.619	slowkick3)40hz
925	1510593941232	-7.853	-19.529	19.372	slowkick3)40hz
926	1510593941237	-7.413	-19.529	19.426	slowkick3)40hz
927	1510593941242	-7.133	-19.529	19.426	slowkick3)40hz
928	1510593941247	-7.039	-19.529	19.426	slowkick3)40hz
929	1510593941252	-7.312	-19.529	19.426	slowkick3)40hz
930	1510593941257	-7.947	-19.529	19.426	slowkick3)40hz
931	1510593941262	-8.612	-19.529	19.426	slowkick3)40hz
932	1510593941267	-9.203	-19.529	19.426	slowkick3)40hz
933	1510593941272	-9.644	-19.529	19.426	slowkick3)40hz
934	1510593941277	-10.036	-19.529	19.426	slowkick3)40hz
935	1510593941282	-10.572	-19.529	19.426	slowkick3)40hz
936	1510593941287	-11.181	-19.529	19.426	slowkick3)40hz
937	1510593941292	-11.285	-19.529	19.426	slowkick3)40hz
938	1510593941297	-11.028	-19.529	19.426	slowkick3)40hz
939	1510593941302	-10.221	-19.529	19.426	slowkick3)40hz
940	1510593941307	-9.723	-19.529	19.426	slowkick3)40hz
941	1510593941312	-9.651	-19.529	19.426	slowkick3)40hz
942	1510593941318	-9.414	-19.529	19.426	slowkick3)40hz
943	1510593941323	-9.119	-19.529	19.426	slowkick3)40hz
944	1510593941328	-8.5	-19.529	19.426	slowkick3)40hz
945	1510593941333	-7.928	-19.529	19.426	slowkick3)40hz
946	1510593941338	-3.152	-19.529	19.426	slowkick3)40hz
947	1510593941343	18.058	-19.529	-19.8	slowkick3)40hz
948	1510593941348	15.301	-19.529	-19.8	slowkick3)40hz
949	1510593941353	19.293	-19.529	-19.8	slowkick3)40hz
950	1510593941358	19.293	-19.529	-19.8	slowkick3)40hz
951	1510593941363	19.293	-19.529	4.417	slowkick3)40hz
952	1510593941368	13.996	-19.529	18.681	slowkick3)40hz
953	1510593941373	12.091	2.091	-19.8	slowkick3)40hz
954	1510593941378	4.41	19.697	-19.8	slowkick3)40hz
955	1510593941383	-9.01	19.697	-1.5	slowkick3)40hz
956	1510593941388	-6.659	19.697	0.125	slowkick3)40hz
957	1510593941393	-5.919	-19.529	13.74	slowkick3)40hz
958	1510593941398	0.962	-19.529	19.426	slowkick3)40hz
959	1510593941403	4.571	-19.529	19.426	slowkick3)40hz
960	1510593941408	5.521	-19.529	19.426	slowkick3)40hz
961	1510593941413	-3.024	4.906	19.426	slowkick3)40hz
962	1510593941418	-4.122	-4.191	19.426	slowkick3)40hz
963	1510593941423	-5.042	-3.797	-0.413	slowkick3)40hz
964	1510593941428	-7.284	-15.287	-1.553	slowkick3)40hz
965	1510593941433	-6.19	-19.529	-0.543	slowkick3)40hz
966	1510593941438	-3.771	-19.529	-2.211	slowkick3)40hz
967	1510593941443	-1.852	-19.529	-5.366	slowkick3)40hz
968	1510593941449	0.282	-19.529	-9.292	slowkick3)40hz
969	1510593941454	2.92	-15.368	-11.09	slowkick3)40hz
970	1510593941459	5.105	-15.608	-9.827	slowkick3)40hz
971	1510593941464	5.759	-19.529	-6.728	slowkick3)40hz
972	1510593941469	5.024	-19.529	-3.598	slowkick3)40hz
973	1510593941474	3.741	-19.529	-1.893	slowkick3)40hz
974	1510593941479	2.823	-19.529	-2.537	slowkick3)40hz
975	1510593941484	2.932	-19.529	-5.373	slowkick3)40hz
976	1510593941489	3.56	-19.248	-8.907	slowkick3)40hz
977	1510593941494	4.116	-19.119	-12.03	slowkick3)40hz
978	1510593941499	4.473	-19.529	-14.577	slowkick3)40hz
979	1510593941504	4.657	-19.529	-16.684	slowkick3)40hz
980	1510593941509	4.68	-19.228	-18.331	slowkick3)40hz
981	1510593941514	4.764	-18.157	-19.554	slowkick3)40hz
982	1510593941519	4.971	-17.069	-19.8	slowkick3)40hz
983	1510593941524	5.404	-16.5	-19.8	slowkick3)40hz
984	1510593941529	5.995	-16.533	-19.019	slowkick3)40hz
985	1510593941534	6.363	-16.662	-17.724	slowkick3)40hz
986	1510593941539	6.246	-16.878	-16.034	slowkick3)40hz
987	1510593941544	5.805	-17.184	-14.015	slowkick3)40hz
988	1510593941549	5.539	-17.497	-11.905	slowkick3)40hz
989	1510593941554	5.545	-17.206	-10.15	slowkick3)40hz
990	1510593941559	5.598	-15.947	-8.956	slowkick3)40hz
991	1510593941564	5.446	-14.096	-8.347	slowkick3)40hz
992	1510593941571	4.964	-12.627	-8.035	slowkick3)40hz
993	1510593941575	4.371	-12.126	-7.636	slowkick3)40hz
994	1510593941580	3.796	-12.47	-7.328	slowkick3)40hz
995	1510593941585	3.214	-12.966	-7.21	slowkick3)40hz
996	1510593941590	2.688	-13.072	-7.326	slowkick3)40hz
997	1510593941595	2.293	-12.845	-7.598	slowkick3)40hz
998	1510593941600	2.071	-12.316	-7.863	slowkick3)40hz
999	1510593941605	1.966	-11.83	-7.859	slowkick3)40hz
1000	1510593941610	1.935	-11.493	-7.438	slowkick3)40hz
1001	1510593941615	1.852	-11.229	-6.694	slowkick3)40hz
1002	1510593941620	1.646	-10.952	-5.629	slowkick3)40hz
1003	1510593941625	1.379	-10.833	-4.221	slowkick3)40hz
1004	1510593941630	1.215	-11.064	-2.63	slowkick3)40hz
1005	1510593941635	1.109	-11.567	-1.113	slowkick3)40hz
1006	1510593941640	0.957	-11.925	0.155	slowkick3)40hz
1007	1510593941645	0.654	-11.865	1.063	slowkick3)40hz
1008	1510593941650	0.278	-11.399	1.503	slowkick3)40hz
1009	1510593941655	-0.105	-10.771	1.655	slowkick3)40hz
1010	1510593941660	-0.351	-10.232	1.67	slowkick3)40hz
1011	1510593941665	-0.419	-9.908	1.745	slowkick3)40hz
1012	1510593941670	-0.307	-9.846	1.958	slowkick3)40hz
1013	1510593941675	-0.066	-10.048	2.304	slowkick3)40hz
1014	1510593941680	0.23	-10.477	2.863	slowkick3)40hz
1015	1510593941685	0.58	-10.975	3.524	slowkick3)40hz
1016	1510593941690	0.957	-11.491	4.179	slowkick3)40hz
1017	1510593941695	1.27	-11.861	4.809	slowkick3)40hz
1018	1510593941700	1.482	-12.145	5.303	slowkick3)40hz
1019	1510593941705	1.634	-12.397	5.75	slowkick3)40hz
1020	1510593941710	1.664	-12.639	6.126	slowkick3)40hz
1021	1510593941715	1.634	-12.881	6.422	slowkick3)40hz
1022	1510593941720	1.622	-13.04	6.676	slowkick3)40hz
1023	1510593941725	1.659	-13.04	6.844	slowkick3)40hz
1024	1510593941730	1.685	-12.97	6.966	slowkick3)40hz
1025	1510593941735	1.71	-12.784	7.101	slowkick3)40hz
1026	1510593941740	1.693	-12.587	7.213	slowkick3)40hz
1027	1510593941745	1.644	-12.445	7.421	slowkick3)40hz
1028	1510593941750	1.608	-12.551	7.829	slowkick3)40hz
1029	1510593941755	1.503	-12.898	8.374	slowkick3)40hz
1030	1510593941761	1.312	-13.276	8.985	slowkick3)40hz
1031	1510593941766	1.158	-13.517	9.57	slowkick3)40hz
1032	1510593941771	1.14	-13.67	10.147	slowkick3)40hz
1033	1510593941776	1.011	-13.756	10.665	slowkick3)40hz
1034	1510593941781	0.727	-13.687	11.132	slowkick3)40hz
1035	1510593941786	0.285	-13.536	11.541	slowkick3)40hz
1036	1510593941791	-0.226	-13.357	11.874	slowkick3)40hz
1037	1510593941796	-0.742	-13.06	12.141	slowkick3)40hz
1038	1510593941801	-1.192	-12.711	12.404	slowkick3)40hz
1039	1510593941806	-1.566	-12.198	12.636	slowkick3)40hz
1040	1510593941811	-1.954	-11.56	13.003	slowkick3)40hz
1041	1510593941816	-2.253	-10.803	13.585	slowkick3)40hz
1042	1510593941821	-2.436	-9.957	14.333	slowkick3)40hz
1043	1510593941827	-2.563	-8.998	15.247	slowkick3)40hz
1044	1510593941832	-2.677	-7.993	16.295	slowkick3)40hz
1045	1510593941837	-2.793	-7.119	17.455	slowkick3)40hz
1046	1510593941842	-2.833	-6.319	18.623	slowkick3)40hz
1047	1510593941847	-2.914	-5.397	19.426	slowkick3)40hz
1048	1510593941852	-3.254	-3.741	19.426	slowkick3)40hz
1049	1510593941857	-3.798	-1.7	19.426	slowkick3)40hz
1050	1510593941862	-4.351	-0.162	19.426	slowkick3)40hz
1051	1510593941867	-5.001	1.199	19.426	slowkick3)40hz
1052	1510593941872	-5.74	2.306	19.426	slowkick3)40hz
1053	1510593941877	-6.225	3.204	19.426	slowkick3)40hz
1054	1510593941882	-6.517	3.53	19.426	slowkick3)40hz
1055	1510593941887	-6.726	5.09	19.426	slowkick3)40hz
1056	1510593941892	-6.905	5.993	19.426	slowkick3)40hz
1057	1510593941897	-7.029	6.84	19.426	slowkick3)40hz
1058	1510593941902	-7.193	7.374	19.426	slowkick3)40hz
1059	1510593941907	-7.379	7.534	19.426	slowkick3)40hz
1060	1510593941912	-7.357	6.343	19.426	slowkick3)40hz
1061	1510593941917	-7.31	5.108	19.426	slowkick3)40hz
1062	1510593941922	-7.543	3.923	19.426	slowkick3)40hz
1063	1510593941927	-7.736	5.29	19.426	slowkick3)40hz
1064	1510593941932	-3.364	13.483	19.426	slowkick3)40hz
1065	1510593941937	2.996	14.124	19.426	slowkick3)40hz
1066	1510593941942	14.3	-6.871	19.426	slowkick3)40hz
1067	1510593941947	19.293	-15.03	19.426	slowkick3)40hz
1068	1510593941952	19.293	8.852	19.426	slowkick3)40hz
1069	1510593941957	-9.429	-6.7	13.63	slowkick3)40hz
1070	1510593941962	-19.933	-19.529	4.171	slowkick3)40hz
1071	1510593941967	-19.933	-4.812	0.59	slowkick3)40hz
1072	1510593941972	-17.72	-0.369	0.373	slowkick3)40hz
1073	1510593941977	2.377	-11.145	2.271	slowkick3)40hz
1074	1510593941982	14.915	-11.043	-0.117	slowkick3)40hz
1075	1510593941988	12.628	-12.786	2.466	slowkick3)40hz
1076	1510593941993	2.901	-8.187	3.102	slowkick3)40hz
1077	1510593941998	-5.897	-7.278	3.509	slowkick3)40hz
1078	1510593942003	-9.271	-8.46	5.159	slowkick3)40hz
1079	1510593942008	-7.698	-6.979	7.345	slowkick3)40hz
1080	1510593942013	-5.097	-6.28	10.633	slowkick3)40hz
1081	1510593942018	-4.036	-6.935	8.773	slowkick3)40hz
1082	1510593942023	-3.193	-7.54	7.094	slowkick3)40hz
1083	1510593942028	-2.241	-7.922	5.939	slowkick3)40hz
1084	1510593942033	-1.384	-8.05	5.217	slowkick3)40hz
1085	1510593942038	-1.031	-8.028	4.973	slowkick3)40hz
1086	1510593942043	-0.849	-7.784	5.088	slowkick3)40hz
1087	1510593942048	-0.229	-7.776	5.602	slowkick3)40hz
1088	1510593942053	0.335	-7.974	6.305	slowkick3)40hz
1089	1510593942058	-0.349	-7.99	6.926	slowkick3)40hz
1090	1510593942063	-2.028	-7.396	7.215	slowkick3)40hz
1091	1510593942068	-3.291	-6.94	7.111	slowkick3)40hz
1092	1510593942073	-3.233	-6.998	6.892	slowkick3)40hz
1093	1510593942078	-2.339	-7.432	6.653	slowkick3)40hz
1094	1510593942083	-1.337	-7.816	6.441	slowkick3)40hz
1095	1510593942088	-0.815	-7.967	6.148	slowkick3)40hz
1096	1510593942093	-1.015	-7.915	5.842	slowkick3)40hz
1097	1510593942098	-1.444	-7.843	5.65	slowkick3)40hz
1098	1510593942104	-1.6	-7.797	5.632	slowkick3)40hz
1099	1510593942108	-1.094	-7.744	5.729	slowkick3)40hz
1100	1510593942114	-0.226	-7.68	5.956	slowkick3)40hz
1101	1510593942119	0.255	-7.517	6.104	slowkick3)40hz
1102	1510593942124	0.326	-7.112	6.277	slowkick3)40hz
1103	1510593942129	0.623	-6.853	6.534	slowkick3)40hz
1104	1510593942134	1.549	-6.696	6.779	slowkick3)40hz
1105	1510593942139	2.412	-6.804	6.965	slowkick3)40hz
1106	1510593942144	2.54	-7.067	6.984	slowkick3)40hz
1107	1510593942149	1.722	-7.024	6.799	slowkick3)40hz
1108	1510593942154	0.287	-6.728	6.461	slowkick3)40hz
1109	1510593942159	-0.787	-6.598	6.013	slowkick3)40hz
1110	1510593942164	-0.861	-7.025	5.706	slowkick3)40hz
1111	1510593942169	-0.297	-7.402	5.544	slowkick3)40hz
1112	1510593942174	0.073	-7.799	5.798	slowkick3)40hz
1113	1510593942179	-0.563	-7.638	5.675	slowkick3)40hz
1114	1510593942184	-1.591	-7.585	5.776	slowkick3)40hz
1115	1510593942189	-2.203	-7.925	6.104	slowkick3)40hz
1116	1510593942194	-2.028	-7.75	6.325	slowkick3)40hz
1117	1510593942199	-1.326	-7.757	6.5	slowkick3)40hz
1118	1510593942204	-0.618	-7.854	6.562	slowkick3)40hz
1119	1510593942209	-0.252	-7.823	6.435	slowkick3)40hz
1120	1510593942214	-0.114	-7.814	6.236	slowkick3)40hz
1121	1510593942219	0.015	-7.816	6.179	slowkick3)40hz
1122	1510593942224	-0.023	-7.784	6.229	slowkick3)40hz
1123	1510593942229	-0.163	-7.538	6.328	slowkick3)40hz
1124	1510593942234	-0.121	-7.236	6.558	slowkick3)40hz
1125	1510593942239	0.293	-7.263	6.884	slowkick3)40hz
1126	1510593942244	0.723	-7.578	7.176	slowkick3)40hz
1127	1510593942250	0.922	-7.965	7.305	slowkick3)40hz
1128	1510593942255	0.967	-8.361	7.409	slowkick3)40hz
1129	1510593942260	1.025	-8.958	7.509	slowkick3)40hz
1130	1510593942265	1.154	-9.761	7.442	slowkick3)40hz
1131	1510593942270	0.873	-9.989	6.996	slowkick3)40hz
1132	1510593942275	0.144	-9.057	6.197	slowkick3)40hz
1133	1510593942280	-0.378	-7.493	5.368	slowkick3)40hz
1134	1510593942285	-0.235	-5.831	4.84	slowkick3)40hz
1135	1510593942290	0.231	-4.516	4.868	slowkick3)40hz
1136	1510593942295	0.399	-3.587	5.265	slowkick3)40hz
1137	1510593942300	0.086	-3.921	5.883	slowkick3)40hz
1138	1510593942305	-0.387	-5.273	6.629	slowkick3)40hz
1139	1510593942310	-0.885	-6.377	7.095	slowkick3)40hz
1140	1510593942315	-1.371	-6.317	6.919	slowkick3)40hz
1141	1510593942320	-1.812	-5.661	6.334	slowkick3)40hz
1142	1510593942325	-2.177	-5.252	5.835	slowkick3)40hz
1143	1510593942330	-2.083	-5.603	5.794	slowkick3)40hz
1144	1510593942335	-2.27	-6.815	6.166	slowkick3)40hz
1145	1510593942340	-2.979	-8.963	7.19	slowkick3)40hz
1146	1510593942345	-3.71	-9.544	7.264	slowkick3)40hz
1147	1510593942350	-4.665	-7.533	6.28	slowkick3)40hz
1148	1510593942355	-5.375	-7.149	5.796	slowkick3)40hz
1149	1510593942360	-4.82	-8.559	5.698	slowkick3)40hz
1150	1510593942365	-3.395	-9.05	5.599	slowkick3)40hz
1151	1510593942370	-1.931	-8.013	5.32	slowkick3)40hz
1152	1510593942376	-0.643	-5.936	5.411	slowkick3)40hz
1153	1510593942381	0.941	-6.365	6.422	slowkick3)40hz
1154	1510593942386	2.89	-9.159	8.204	slowkick3)40hz
1155	1510593942391	3.562	-11.84	9.583	slowkick3)40hz
1156	1510593942396	1.395	-12.342	9.59	slowkick3)40hz
1157	1510593942401	-1.99	-10.018	7.938	slowkick3)40hz
1158	1510593942406	-4.378	-7.402	5.984	slowkick3)40hz
1159	1510593942411	-4.952	-6.371	4.877	slowkick3)40hz
1160	1510593942416	-4.141	-6.498	4.695	slowkick3)40hz
1161	1510593942421	-2.68	-6.798	5.057	slowkick3)40hz
1162	1510593942426	-1.353	-6.776	5.678	slowkick3)40hz
1163	1510593942431	-0.78	-6.516	6.23	slowkick3)40hz
1164	1510593942436	-1.134	-5.931	6.504	slowkick3)40hz
1165	1510593942441	-2.039	-5.11	6.375	slowkick3)40hz
1166	1510593942446	-2.933	-4.216	5.804	slowkick3)40hz
1167	1510593942451	-3.413	-3.522	5.183	slowkick3)40hz
1168	1510593942456	-3.35	-4.37	5.205	slowkick3)40hz
1169	1510593942461	-2.679	-6.43	5.577	slowkick3)40hz
1170	1510593942466	-1.609	-7.632	5.903	slowkick3)40hz
1171	1510593942471	-0.385	-7.4	6.028	slowkick3)40hz
1172	1510593942476	0.658	-6.869	6.482	slowkick3)40hz
1173	1510593942481	1.716	-7.696	7.346	slowkick3)40hz
1174	1510593942486	2.759	-9.054	8.123	slowkick3)40hz
1175	1510593942491	3.594	-9.195	8.455	slowkick3)40hz
1176	1510593942497	4.039	-8.209	8.348	slowkick3)40hz
1177	1510593942502	4.045	-7.137	8.053	slowkick3)40hz
1178	1510593942506	3.519	-6.753	7.801	slowkick3)40hz
1179	1510593942512	2.512	-7.015	7.646	slowkick3)40hz
1180	1510593942517	1.433	-7.418	7.5	slowkick3)40hz
1181	1510593942522	0.547	-7.298	7.185	slowkick3)40hz
1182	1510593942527	-0.334	-6.083	6.771	slowkick3)40hz
1183	1510593942532	-1.455	-4.291	6.206	slowkick3)40hz
1184	1510593942537	-2.51	-3.141	5.753	slowkick3)40hz
1185	1510593942542	-3.118	-3.589	5.587	slowkick3)40hz
1186	1510593942547	-3.453	-4.899	5.672	slowkick3)40hz
1187	1510593942552	-3.865	-5.749	5.579	slowkick3)40hz
1188	1510593942557	-4.382	-5.757	5.32	slowkick3)40hz
1189	1510593942571	-4.757	-5.278	5.029	slowkick3)40hz
1190	1510593942572	-4.579	-4.956	4.882	slowkick3)40hz
1191	1510593942573	-3.764	-5.161	5.131	slowkick3)40hz
1192	1510593942580	-2.623	-5.94	5.713	slowkick3)40hz
1193	1510593942584	-1.547	-6.855	6.377	slowkick3)40hz
1194	1510593942587	-0.695	-7.35	6.858	slowkick3)40hz
1195	1510593942592	-0.09	-7.38	7.074	slowkick3)40hz
1196	1510593942597	0.336	-7.183	7.06	slowkick3)40hz
1197	1510593942602	0.519	-7.245	7.02	slowkick3)40hz
1198	1510593942607	0.51	-7.344	6.954	slowkick3)40hz
1199	1510593942613	0.263	-7.142	6.823	slowkick3)40hz
1200	1510593942618	-0.274	-6.51	6.614	slowkick3)40hz
1201	1510593942622	-1.089	-6.209	6.507	slowkick3)40hz
1202	1510593942627	-1.738	-6.68	6.54	slowkick3)40hz
1203	1510593942633	-2.17	-7.279	6.52	slowkick3)40hz
1204	1510593942638	-2.422	-7.394	6.3	slowkick3)40hz
1205	1510593942643	-2.45	-7.167	6.06	slowkick3)40hz
1206	1510593942648	-2.273	-6.994	5.865	slowkick3)40hz
1207	1510593942653	-1.988	-7.079	5.749	slowkick3)40hz
1208	1510593942658	-1.616	-7.167	5.805	slowkick3)40hz
1209	1510593942663	-1.297	-7.282	5.937	slowkick3)40hz
1210	1510593942668	-1.178	-7.128	6.118	slowkick3)40hz
1211	1510593942673	-1.195	-6.784	6.2	slowkick3)40hz
1212	1510593942678	-1.299	-6.327	6.203	slowkick3)40hz
1213	1510593942683	-1.521	-5.902	6.163	slowkick3)40hz
1214	1510593942688	-1.637	-5.903	6.076	slowkick3)40hz
1215	1510593942693	-1.38	-6.455	6.221	slowkick3)40hz
1216	1510593942698	-0.651	-7.588	6.508	slowkick3)40hz
1217	1510593942703	0.277	-8.788	6.921	slowkick3)40hz
1218	1510593942708	1.037	-9.828	7.279	slowkick3)40hz
1219	1510593942713	1.324	-10.431	7.439	slowkick3)40hz
1220	1510593942718	1.019	-10.657	7.413	slowkick3)40hz
1221	1510593942723	0.178	-10.349	7.168	slowkick3)40hz
1222	1510593942728	-0.981	-9.055	6.608	slowkick3)40hz
1223	1510593942733	-2.603	-6.663	6.01	slowkick3)40hz
1224	1510593942738	-4.812	-3.885	5.529	slowkick3)40hz
1225	1510593942743	-6.868	-2.196	5.09	slowkick3)40hz
1226	1510593942748	-7.106	-2.746	5.134	slowkick3)40hz
1227	1510593942754	-5.185	-5.655	6.062	slowkick3)40hz
1228	1510593942759	-2.194	-9.263	7.3	slowkick3)40hz
1229	1510593942763	0.88	-10.886	7.688	slowkick3)40hz
1230	1510593942769	2.95	-9.721	6.835	slowkick3)40hz
1231	1510593942774	3.416	-8.537	6.183	slowkick3)40hz
1232	1510593942779	2.825	-8.488	6.067	slowkick3)40hz
1233	1510593942784	1.835	-8.431	6.061	slowkick3)40hz
1234	1510593942789	0.908	-8.211	6.071	slowkick3)40hz
1235	1510593942794	0.341	-8.306	6.263	slowkick3)40hz
1236	1510593942799	0.003	-8.267	6.409	slowkick3)40hz
1237	1510593942804	-0.218	-7.954	6.438	slowkick3)40hz
1238	1510593942809	-0.346	-7.748	6.367	slowkick3)40hz
1239	1510593942814	-0.485	-7.656	6.338	slowkick3)40hz
1240	1510593942819	-0.706	-7.57	6.309	slowkick3)40hz
1241	1510593942824	-0.937	-7.519	6.334	slowkick3)40hz
1242	1510593942829	-1.111	-7.55	6.351	slowkick3)40hz
1243	1510593942834	-1.153	-7.532	6.331	slowkick3)40hz
1244	1510593942839	-1.083	-7.495	6.291	slowkick3)40hz
1245	1510593942844	-0.995	-7.435	6.212	slowkick3)40hz
1246	1510593942849	-1.091	-7.291	6.246	slowkick3)40hz
1247	1510593942854	-1.278	-7.297	6.307	slowkick3)40hz
1248	1510593942859	-1.39	-7.315	6.33	slowkick3)40hz
1249	1510593942864	-1.293	-7.277	6.298	slowkick3)40hz
1250	1510593942869	-1.131	-7.341	6.261	slowkick3)40hz
1251	1510593942874	-1.043	-7.339	6.22	slowkick3)40hz
1252	1510593942879	-1.001	-7.325	6.092	slowkick3)40hz
1253	1510593942884	-0.967	-7.376	6.024	slowkick3)40hz
1254	1510593942889	-0.859	-7.664	5.894	slowkick3)40hz
1255	1510593942895	-0.651	-7.713	5.891	slowkick3)40hz
1256	1510593942900	-0.646	-7.775	5.875	slowkick3)40hz
1257	1510593942905	-0.618	-7.714	5.946	slowkick3)40hz
1258	1510593942910	-0.683	-7.6	6.066	slowkick3)40hz
1259	1510593942915	-0.823	-7.583	6.225	slowkick3)40hz
1260	1510593942920	-0.966	-7.655	6.41	slowkick3)40hz
1261	1510593942925	-0.949	-7.679	6.434	slowkick3)40hz
1262	1510593942930	-0.838	-7.625	6.431	slowkick3)40hz
1263	1510593942935	-0.78	-7.606	6.394	slowkick3)40hz
1264	1510593942940	-0.807	-7.565	6.297	slowkick3)40hz
1265	1510593942945	-0.909	-7.555	6.181	slowkick3)40hz
1266	1510593942950	-1.025	-7.547	6.054	slowkick3)40hz
1267	1510593942955	-1.111	-7.543	5.929	slowkick3)40hz
1268	1510593942960	-1.182	-7.541	5.92	slowkick3)40hz
1269	1510593942965	-1.23	-7.516	5.912	slowkick3)40hz
1270	1510593942970	-1.271	-7.428	5.962	slowkick3)40hz
1271	1510593942975	-1.299	-7.38	6.008	slowkick3)40hz
1272	1510593942980	-1.245	-7.396	6.11	slowkick3)40hz
1273	1510593942986	-1.22	-7.336	6.195	slowkick3)40hz
1274	1510593942991	-1.315	-7.138	6.222	slowkick3)40hz
1275	1510593942996	-1.458	-6.893	6.122	slowkick3)40hz
1276	1510593943001	-1.617	-6.775	6.005	slowkick3)40hz
1277	1510593943006	-1.681	-6.887	5.943	slowkick3)40hz
1278	1510593943011	-1.636	-7.031	5.887	slowkick3)40hz
1279	1510593943016	-1.503	-7.166	5.865	slowkick3)40hz
1280	1510593943021	-1.281	-7.262	5.915	slowkick3)40hz
1281	1510593943026	-1.036	-7.303	6.047	slowkick3)40hz
1282	1510593943031	-0.885	-7.24	6.166	slowkick3)40hz
1283	1510593943036	-0.765	-7.148	6.334	slowkick3)40hz
1284	1510593943041	-0.652	-7.161	6.468	slowkick3)40hz
1285	1510593943046	-0.48	-7.298	6.596	slowkick3)40hz
1286	1510593943051	-0.379	-7.486	6.614	slowkick3)40hz
1287	1510593943056	-0.412	-7.577	6.567	slowkick3)40hz
1288	1510593943061	-0.552	-7.553	6.382	slowkick3)40hz
1289	1510593943066	-0.747	-7.503	6.155	slowkick3)40hz
1290	1510593943071	-0.977	-7.382	6.063	slowkick3)40hz
1291	1510593943076	-1.211	-7.203	5.993	slowkick3)40hz
1292	1510593943081	-1.333	-7.031	6.03	slowkick3)40hz
1293	1510593943086	-1.303	-7.006	6.15	slowkick3)40hz
1294	1510593943091	-1.138	-7.124	6.297	slowkick3)40hz
1295	1510593943096	-0.956	-7.318	6.379	slowkick3)40hz
1296	1510593943101	-0.853	-7.514	6.358	slowkick3)40hz
1297	1510593943106	-0.786	-7.622	6.262	slowkick3)40hz
1298	1510593943111	-0.779	-7.73	6.169	slowkick3)40hz
1299	1510593943116	-0.859	-7.69	6.029	slowkick3)40hz
1300	1510593943121	-0.961	-7.588	6.012	slowkick3)40hz
1301	1510593943126	-1.077	-7.559	6.036	slowkick3)40hz
1302	1510593943131	-1.132	-7.52	6.105	slowkick3)40hz
1303	1510593943136	-1.093	-7.547	6.183	slowkick3)40hz
1304	1510593943141	-0.98	-7.562	6.227	slowkick3)40hz
1305	1510593943146	-0.831	-7.582	6.254	slowkick3)40hz
1306	1510593943151	-0.707	-7.597	6.261	slowkick3)40hz
1307	1510593943156	-0.66	-7.565	6.199	slowkick3)40hz
1308	1510593943161	-0.67	-7.51	6.221	slowkick3)40hz
1309	1510593943166	-0.784	-7.471	6.212	slowkick3)40hz
1310	1510593943171	-0.913	-7.424	6.213	slowkick3)40hz
1311	1510593943177	-0.987	-7.374	6.254	slowkick3)40hz
1312	1510593943182	-0.971	-7.334	6.287	slowkick3)40hz
1313	1510593943187	-0.895	-7.333	6.295	slowkick3)40hz
1314	1510593943192	-0.778	-7.313	6.263	slowkick3)40hz
1315	1510593943197	-0.689	-7.361	6.228	slowkick3)40hz
1316	1510593943202	-0.615	-7.427	6.203	slowkick3)40hz
1317	1510593943207	-0.614	-7.453	6.181	slowkick3)40hz
1318	1510593943212	-0.666	-7.409	6.185	slowkick3)40hz
1319	1510593943217	-0.776	-7.365	6.156	slowkick3)40hz
1320	1510593943222	-0.871	-7.312	6.193	slowkick3)40hz
1321	1510593943227	-0.867	-7.288	6.251	slowkick3)40hz
1322	1510593943232	-0.777	-7.263	6.279	slowkick3)40hz
1323	1510593943237	-0.636	-7.263	6.347	slowkick3)40hz
1324	1510593943242	-0.533	-7.268	6.406	slowkick3)40hz
1325	1510593943247	-0.518	-7.319	6.44	slowkick3)40hz
1326	1510593943252	-0.592	-7.424	6.474	slowkick3)40hz
1327	1510593943257	-0.715	-7.446	6.368	slowkick3)40hz
1328	1510593943262	-0.878	-7.351	6.273	slowkick3)40hz
1329	1510593943267	-0.949	-7.287	6.241	slowkick3)40hz
1330	1510593943272	-0.941	-7.264	6.245	slowkick3)40hz
1331	1510593943277	-0.885	-7.249	6.251	slowkick3)40hz
1332	1510593943282	-0.8	-7.323	6.314	slowkick3)40hz
1333	1510593943287	-0.692	-7.361	6.346	slowkick3)40hz
1334	1510593943292	-0.633	-7.337	6.352	slowkick3)40hz
1335	1510593943298	-0.606	-7.334	6.312	slowkick3)40hz
1336	1510593943303	-0.683	-7.302	6.31	slowkick3)40hz
1337	1510593943308	-0.764	-7.254	6.274	slowkick3)40hz
1338	1510593943313	-0.725	-7.276	6.247	slowkick3)40hz
1339	1510593943318	-0.647	-7.289	6.328	slowkick3)40hz
1340	1510593943323	-0.574	-7.329	6.336	slowkick3)40hz
1341	1510593943328	-0.593	-7.359	6.344	slowkick3)40hz
1342	1510593943334	-0.716	-7.325	6.362	slowkick3)40hz
1343	1510593943337	-0.882	-7.268	6.358	slowkick3)40hz
1344	1510593943343	-0.941	-7.241	6.315	slowkick3)40hz
1345	1510593943348	-0.909	-7.281	6.3	slowkick3)40hz
1346	1510593943353	-0.861	-7.288	6.303	slowkick3)40hz
1347	1510593943358	-0.858	-7.288	6.312	slowkick3)40hz
1348	1510593943363	-0.943	-7.285	6.298	slowkick3)40hz
1349	1510593943368	-1.009	-7.285	6.309	slowkick3)40hz
1350	1510593943373	-0.978	-7.344	6.316	slowkick3)40hz
1351	1510593943378	-0.954	-7.386	6.31	slowkick3)40hz
1352	1510593943383	-0.899	-7.436	6.263	slowkick3)40hz
1353	1510593943388	-0.86	-7.379	6.228	slowkick3)40hz
1354	1510593943393	-0.872	-7.494	6.273	slowkick3)40hz
1355	1510593943398	-0.941	-7.259	6.209	slowkick3)40hz
1356	1510593943404	-0.899	-7.367	6.292	slowkick3)40hz
1357	1510593943409	-0.867	-7.35	6.285	slowkick3)40hz
1358	1510593943414	-0.893	-7.247	6.283	slowkick3)40hz
1359	1510593943419	-0.888	-7.261	6.355	slowkick3)40hz
1360	1510593943424	-0.873	-7.199	6.326	slowkick3)40hz
1361	1510593943429	-0.893	-7.289	6.332	slowkick3)40hz
1362	1510593943434	-0.914	-7.309	6.336	slowkick3)40hz
1363	1510593943439	-0.852	-7.351	6.274	slowkick3)40hz
1364	1510593943444	-0.834	-7.416	6.279	slowkick3)40hz
1365	1510593943449	-0.896	-7.427	6.236	slowkick3)40hz
1366	1510593943454	-0.952	-7.415	6.252	slowkick3)40hz
1367	1510593943459	-0.852	-7.452	6.254	slowkick3)40hz
1368	1510593943464	-0.722	-7.403	6.283	slowkick3)40hz
1369	1510593943469	-0.726	-7.391	6.303	slowkick3)40hz
1370	1510593943474	-0.791	-7.383	6.314	slowkick3)40hz
1371	1510593943479	-0.879	-7.381	6.325	slowkick3)40hz
1372	1510593943484	-0.959	-7.395	6.347	slowkick3)40hz
1373	1510593943489	-1.022	-7.361	6.301	slowkick3)40hz
1374	1510593943494	-0.934	-7.361	6.295	slowkick3)40hz
1375	1510593943499	-0.785	-7.39	6.268	slowkick3)40hz
1376	1510593943504	-0.708	-7.382	6.262	slowkick3)40hz
1377	1510593943509	-0.695	-7.349	6.274	slowkick3)40hz
1378	1510593943514	-0.703	-7.343	6.28	slowkick3)40hz
1379	1510593943519	-0.727	-7.336	6.307	slowkick3)40hz
1380	1510593943524	-0.74	-7.339	6.345	slowkick3)40hz
1381	1510593943529	-0.762	-7.334	6.334	slowkick3)40hz
1382	1510593943535	-0.787	-7.33	6.303	slowkick3)40hz
1383	1510593943540	-0.794	-7.316	6.31	slowkick3)40hz
1384	1510593943544	-0.78	-7.358	6.282	slowkick3)40hz
1385	1510593943550	-0.786	-7.348	6.277	slowkick3)40hz
1386	1510593943555	-0.789	-7.339	6.265	slowkick3)40hz
1387	1510593943560	-0.799	-7.353	6.266	slowkick3)40hz
1388	1510593943565	-0.797	-7.348	6.254	slowkick3)40hz
1389	1510593943570	-0.808	-7.37	6.278	slowkick3)40hz
1390	1510593943575	-0.81	-7.377	6.265	slowkick3)40hz
1391	1510593943580	-0.853	-7.337	6.267	slowkick3)40hz
1392	1510593943585	-0.869	-7.291	6.274	slowkick3)40hz
1393	1510593943590	-0.872	-7.292	6.285	slowkick3)40hz
1394	1510593943595	-0.87	-7.316	6.286	slowkick3)40hz
1395	1510593943600	-0.886	-7.35	6.271	slowkick3)40hz
1396	1510593943605	-0.907	-7.367	6.234	slowkick3)40hz
1397	1510593943610	-0.899	-7.369	6.239	slowkick3)40hz
1398	1510593943615	-0.91	-7.389	6.229	slowkick3)40hz
1399	1510593943620	-0.92	-7.416	6.239	slowkick3)40hz
1400	1510593943625	-0.893	-7.419	6.228	slowkick3)40hz
1401	1510593943630	-0.87	-7.407	6.199	slowkick3)40hz
1402	1510593943636	-0.852	-7.407	6.248	slowkick3)40hz
1403	1510593943640	-0.827	-7.432	6.223	slowkick3)40hz
1404	1510593943645	-0.786	-7.421	6.283	slowkick3)40hz
1405	1510593943650	-0.789	-7.404	6.28	slowkick3)40hz
1406	1510593943655	-0.807	-7.396	6.28	slowkick3)40hz
1407	1510593943660	-0.834	-7.38	6.27	slowkick3)40hz
1408	1510593943666	-0.833	-7.403	6.233	slowkick3)40hz
1409	1510593943671	-0.83	-7.424	6.259	slowkick3)40hz
1410	1510593943676	-0.794	-7.402	6.25	slowkick3)40hz
1411	1510593943681	-0.782	-7.415	6.241	slowkick3)40hz
1412	1510593943686	-0.797	-7.413	6.261	slowkick3)40hz
1413	1510593943691	-0.817	-7.386	6.273	slowkick3)40hz
1414	1510593943696	-0.826	-7.398	6.254	slowkick3)40hz
1415	1510593943701	-0.852	-7.377	6.254	slowkick3)40hz
1416	1510593943706	-0.832	-7.401	6.219	slowkick3)40hz
1417	1510593943711	-0.865	-7.39	6.249	slowkick3)40hz
1418	1510593943716	-0.882	-7.36	6.271	slowkick3)40hz
1419	1510593943721	-0.845	-7.365	6.251	slowkick3)40hz
1420	1510593943726	-0.844	-7.361	6.244	slowkick3)40hz
1421	1510593943731	-0.836	-7.387	6.262	slowkick3)40hz
1422	1510593943736	-0.873	-7.367	6.252	slowkick3)40hz
1423	1510593943741	-0.892	-7.354	6.261	slowkick3)40hz
1424	1510593943746	-0.874	-7.38	6.241	slowkick3)40hz
1425	1510593943751	-0.84	-7.391	6.231	slowkick3)40hz
1426	1510593943756	-0.822	-7.395	6.228	slowkick3)40hz
1427	1510593943761	-0.856	-7.382	6.215	slowkick3)40hz
1428	1510593943766	-0.848	-7.401	6.225	slowkick3)40hz
1429	1510593943771	-0.852	-7.392	6.236	slowkick3)40hz
1430	1510593943776	-0.852	-7.394	6.23	slowkick3)40hz
1431	1510593943781	-0.844	-7.401	6.266	slowkick3)40hz
1432	1510593943786	-0.865	-7.395	6.274	slowkick3)40hz
1433	1510593943791	-0.888	-7.382	6.252	slowkick3)40hz
1434	1510593943797	-0.868	-7.356	6.216	slowkick3)40hz
1435	1510593943802	-0.849	-7.38	6.219	slowkick3)40hz
1436	1510593943807	-0.843	-7.372	6.228	slowkick3)40hz
1437	1510593943812	-0.838	-7.36	6.265	slowkick3)40hz
1438	1510593943817	-0.85	-7.368	6.224	slowkick3)40hz
1439	1510593943822	-0.859	-7.377	6.259	slowkick3)40hz
1440	1510593943827	-0.838	-7.37	6.267	slowkick3)40hz
1441	1510593943832	-0.84	-7.373	6.234	slowkick3)40hz
1442	1510593943837	-0.841	-7.361	6.249	slowkick3)40hz
1443	1510593943842	-0.836	-7.382	6.251	slowkick3)40hz
1444	1510593943847	-0.82	-7.394	6.264	slowkick3)40hz
1445	1510593943852	-0.847	-7.368	6.254	slowkick3)40hz
1446	1510593943857	-0.852	-7.367	6.234	slowkick3)40hz
1447	1510593943862	-0.846	-7.403	6.213	slowkick3)40hz
1448	1510593943867	-0.843	-7.402	6.23	slowkick3)40hz
1449	1510593943872	-0.84	-7.38	6.255	slowkick3)40hz
1450	1510593943877	-0.868	-7.382	6.252	slowkick3)40hz
1451	1510593943882	-0.867	-7.383	6.254	slowkick3)40hz
1452	1510593943887	-0.838	-7.402	6.258	slowkick3)40hz
1453	1510593943892	-0.815	-7.41	6.21	slowkick3)40hz
1454	1510593943897	-0.831	-7.374	6.264	slowkick3)40hz
1455	1510593943902	-0.841	-7.375	6.243	slowkick3)40hz
1456	1510593943907	-0.861	-7.364	6.215	slowkick3)40hz
1457	1510593943912	-0.865	-7.386	6.219	slowkick3)40hz
1458	1510593943917	-0.872	-7.419	6.224	slowkick3)40hz
1459	1510593943922	-0.861	-7.407	6.24	slowkick3)40hz
1460	1510593943928	-0.827	-7.395	6.249	slowkick3)40hz
1461	1510593943932	-0.819	-7.376	6.24	slowkick3)40hz
1462	1510593943938	-0.832	-7.367	6.255	slowkick3)40hz
1463	1510593943943	-0.844	-7.36	6.262	slowkick3)40hz
1464	1510593943948	-0.838	-7.368	6.297	slowkick3)40hz
1465	1510593943953	-0.823	-7.386	6.276	slowkick3)40hz
1466	1510593943958	-0.803	-7.371	6.263	slowkick3)40hz
1467	1510593943963	-0.819	-7.374	6.264	slowkick3)40hz
1468	1510593943968	-0.81	-7.38	6.249	slowkick3)40hz
1469	1510593943973	-0.825	-7.378	6.256	slowkick3)40hz
1470	1510593943978	-0.847	-7.348	6.255	slowkick3)40hz
1471	1510593943983	-0.862	-7.359	6.25	slowkick3)40hz
1472	1510593943988	-0.834	-7.352	6.228	slowkick3)40hz
1473	1510593943993	-0.84	-7.379	6.267	slowkick3)40hz
1474	1510593943998	-0.857	-7.38	6.265	slowkick3)40hz
1475	1510593944003	-0.874	-7.378	6.26	slowkick3)40hz
1476	1510593944008	-0.877	-7.371	6.244	slowkick3)40hz
1477	1510593944013	-0.853	-7.386	6.227	slowkick3)40hz
1478	1510593944018	-0.872	-7.387	6.261	slowkick3)40hz
1479	1510593944023	-0.869	-7.371	6.234	slowkick3)40hz
1480	1510593944028	-0.863	-7.372	6.24	slowkick3)40hz
1481	1510593944033	-0.851	-7.373	6.246	slowkick3)40hz
1482	1510593944038	-0.856	-7.387	6.218	slowkick3)40hz
1483	1510593944043	-0.843	-7.366	6.262	slowkick3)40hz
1484	1510593944048	-0.844	-7.376	6.252	slowkick3)40hz
1485	1510593944054	-0.873	-7.389	6.263	slowkick3)40hz
1486	1510593944058	-0.859	-7.382	6.249	slowkick3)40hz
1487	1510593944071	-0.853	-7.359	6.222	slowkick3)40hz
1488	1510593944072	-0.877	-7.361	6.248	slowkick3)40hz
1489	1510593944080	-0.873	-7.374	6.228	slowkick3)40hz
1490	1510593944082	-0.813	-7.459	5.602	slowkick3)40hz
1491	1510593944086	-0.834	-7.513	5.612	slowkick3)40hz
1492	1510593944088	-0.823	-7.431	5.953	slowkick3)40hz
1493	1510593944093	-0.804	-7.321	6.218	slowkick3)40hz
1494	1510593944098	-0.844	-7.294	6.369	slowkick3)40hz
1495	1510593944103	-0.859	-7.275	6.473	slowkick3)40hz
1496	1510593944108	-0.855	-7.27	6.48	slowkick3)40hz
1497	1510593944113	-0.829	-7.293	6.363	slowkick3)40hz
1498	1510593944119	-0.838	-7.312	6.198	slowkick3)40hz
1499	1510593944123	-0.88	-7.325	6.095	slowkick3)40hz
1500	1510593944129	-0.967	-7.443	6.51	slowkick3)40hz
1501	1510593944134	-0.965	-6.961	7.284	slowkick3)40hz
1502	1510593944139	-0.789	-7.171	6.736	slowkick3)40hz
1503	1510593944144	-0.77	-7.41	6.216	slowkick3)40hz
1504	1510593944149	-0.869	-7.227	6.31	slowkick3)40hz
1505	1510593944154	-0.852	-7.224	6.536	slowkick3)40hz
1506	1510593944159	-0.815	-7.213	6.461	slowkick3)40hz
1507	1510593944164	-0.804	-7.284	6.409	slowkick3)40hz
1508	1510593944169	-0.793	-7.27	6.48	slowkick3)40hz
1509	1510593944174	-0.767	-7.28	6.541	slowkick3)40hz
1510	1510593944179	-0.805	-7.285	6.712	slowkick3)40hz
1511	1510593944184	-0.853	-7.21	7.028	slowkick3)40hz
1512	1510593944189	-0.858	-7.175	7.141	slowkick3)40hz
1513	1510593944194	-0.876	-7.243	6.892	slowkick3)40hz
1514	1510593944199	-0.866	-7.359	6.23	slowkick3)40hz
1515	1510593944204	-0.801	-7.482	5.473	slowkick3)40hz
1516	1510593944209	-0.794	-7.536	5.036	slowkick3)40hz
1517	1510593944214	-0.821	-7.543	5.034	slowkick3)40hz
1518	1510593944219	-0.846	-7.537	5.483	slowkick3)40hz
1519	1510593944224	-0.845	-7.409	6.134	slowkick3)40hz
1520	1510593944229	-0.835	-7.277	6.766	slowkick3)40hz
1521	1510593944234	-0.805	-7.227	7.121	slowkick3)40hz
